Employee code,Machine,Production,Order Operation No,Date,Time,Current,Humidity,Temperature,Flow,Job Temp,Voltage,Defect
(Office id of employee),(Welding machine name),(Project order number),(This captures the activity to be performed by the operator as per the job description card),(date of activity),(Timestamp for the activity),(In Ampere),(Relative humidity in %),(in degree celsius),(in liters per min (LPM)),(in degree celsius),(in volts),(if defect occurred)
382617,TWLD23,E15002965,240,9/10/2022,7:32:28:527,1.13,74,23,0.01,29.3,15.2,No Defect
382617,TWLD23,E15002965,240,9/10/2022,7:32:29:40,1.82,74,23,0,29.3,0,Tungsten Inclusion
382617,TWLD23,E15002965,240,9/10/2022,7:32:29:677,2.91,74,23,0,29.3,0,No Defect
382617,TWLD23,E15002965,240,9/10/2022,7:32:30:166,0.04,74,23,0,29.3,0,No Defect
382617,TWLD23,E15002965,240,9/10/2022,7:32:30:696,2.51,74,23,0,27.8,0,No Defect
382617,TWLD23,E15002965,240,9/10/2022,7:32:31:286,0.24,74,23,0,27.8,0,No Defect
382617,TWLD23,E15002965,240,9/10/2022,7:32:31:786,-0.9,74,23,0,27.8,0,No Defect
382617,TWLD23,E15002965,240,9/10/2022,7:32:32:390,2.61,74,23,0,28,0,No Defect
382617,TWLD23,E15002965,240,9/10/2022,7:32:27:884,10.51,74,23,0,28,9.062,No Defect
382617,TWLD23,E15002965,240,9/10/2022,7:32:32:949,2.35,74,23,0,28,0,No Defect
382617,TWLD23,E15002965,240,9/10/2022,7:32:33:497,0.84,74,23,0,28.2,0,No Defect
382617,TWLD23,E15002965,240,9/10/2022,7:32:33:997,2.4,74,23,0,28.2,0,No Defect
382617,TWLD23,E15002965,240,9/10/2022,7:32:34:591,-1.22,74,23,0.04,28.2,0,No Defect
382617,TWLD23,E15002965,240,9/10/2022,7:32:35:93,-0.99,74,23,0,28.2,0,No Defect
382617,TWLD23,E15002965,240,9/10/2022,7:32:35:716,2.1,74,23,0,28,0,No Defect
382617,TWLD23,E15002965,240,9/10/2022,7:32:36:292,0.73,74,23,0,28,0,No Defect
382617,TWLD23,E15002965,240,9/10/2022,7:32:36:821,2.85,74,23,0,28,0,No Defect
382617,TWLD23,E15002965,240,9/10/2022,7:32:37:386,2.5,74,23,0,28.2,0,No Defect
382617,TWLD23,E15002965,240,9/10/2022,7:32:37:887,5.42,74,23,0,28.2,13.025,No Defect
382617,TWLD23,E15002965,240,9/10/2022,7:32:38:402,5.8,74,23,0,28.2,13.744,No Defect
382617,TWLD23,E15002965,240,9/10/2022,7:32:38:902,9.44,74,23,0,28.2,10.852,No Defect
382617,TWLD23,E15002965,240,9/10/2022,7:32:39:558,10.73,74,23,0,28.1,9.994,No Defect
382617,TWLD23,E15002965,240,9/10/2022,7:32:40:58,12.82,74,23,0,28.1,9.354,No Defect
382617,TWLD23,E15002965,240,9/10/2022,7:32:40:588,15.32,74,23,0,28.1,9.361,No Defect
382617,TWLD23,E15002965,240,9/10/2022,7:32:41:86,15.09,74,23,0.01,28,9.204,No Defect
382617,TWLD23,E15002965,240,9/10/2022,7:32:41:602,17.63,74,23,0.01,28,9.169,No Defect
382617,TWLD23,E15002965,240,9/10/2022,7:32:42:100,16.78,74,23,0,29.2,9.024,No Defect
382617,TWLD23,E15002965,240,9/10/2022,7:32:42:760,18.47,74,23,0,29.2,8.937,No Defect
382617,TWLD23,E15002965,240,9/10/2022,7:32:43:300,15.33,74,23,0,28.3,8.779,No Defect
382617,TWLD23,E15002965,240,9/10/2022,7:32:43:800,0.61,74,23,0,28.3,8.976,No Defect
382617,TWLD23,E15002965,240,9/10/2022,7:32:44:397,-1.23,74,23,0,28.3,-2.397,No Defect
382617,TWLD23,E15002965,240,9/10/2022,7:32:44:896,3.5,74,23,0,28.1,0,No Defect
382617,TWLD23,E15002965,240,9/10/2022,7:32:45:494,6.73,74,23,0,28.1,0,No Defect
382617,TWLD23,E15002965,240,9/10/2022,7:32:46:1,16.24,74,23,0,28.1,10.542,No Defect
382617,TWLD23,E15002965,240,9/10/2022,7:32:46:604,21.77,74,23,0,28.1,8.84,No Defect
382617,TWLD23,E15002965,240,9/10/2022,7:32:47:105,23.78,74,23,0,28.1,8.653,No Defect
382617,TWLD23,E15002965,240,9/10/2022,7:32:47:696,25.01,74,23,0,28.1,5.501,Tungsten Inclusion
382617,TWLD23,E15002965,240,9/10/2022,7:32:48:300,8.2,74,23,0,28.1,-2.008,Tungsten Inclusion
382617,TWLD23,E15002965,240,9/10/2022,7:32:48:808,1.44,74,23,0,28.1,0,No Defect
382617,TWLD23,E15002965,240,9/10/2022,7:32:49:462,1.68,74,23,0,28.1,0,No Defect
382617,TWLD23,E15002965,240,9/10/2022,7:32:49:964,-0.52,74,23,0,28.2,0,No Defect
382617,TWLD23,E15002965,240,9/10/2022,7:32:50:499,13.38,74,23,0,28.2,0,No Defect
382617,TWLD23,E15002965,240,9/10/2022,7:32:51:1,15.02,74,23,0,101.6,5,Tungsten Inclusion
382617,TWLD23,E15002965,240,9/10/2022,7:32:51:602,25,74,23,0,101.6,8.019,Tungsten Inclusion
382617,TWLD23,E15002965,240,9/10/2022,7:32:52:105,29.5,74,23,0,27.9,8.198,No Defect
382617,TWLD23,E15002965,240,9/10/2022,7:32:52:749,29.76,74,23,0,27.9,8.282,No Defect
382617,TWLD23,E15002965,240,9/10/2022,7:32:53:308,30.31,74,23,0,28.3,8.248,No Defect
382617,TWLD23,E15002965,240,9/10/2022,7:32:53:893,23.29,74,23,0,28.3,8.531,No Defect
382617,TWLD23,E15002965,240,9/10/2022,7:32:54:408,24.22,74,23,0,28.3,8.403,No Defect
382617,TWLD23,E15002965,240,9/10/2022,7:32:54:908,24.66,74,23,0,29,8.382,No Defect
382617,TWLD23,E15002965,240,9/10/2022,7:32:55:503,25.85,74,23,0,29,8.109,No Defect
382617,TWLD23,E15002965,240,9/10/2022,7:32:56:7,4.36,74,23,0,29.4,8.171,No Defect
382617,TWLD23,E15002965,240,9/10/2022,7:32:56:609,0.61,74,23,0,29.4,10.768,No Defect
382617,TWLD23,E15002965,240,9/10/2022,7:32:57:205,1.71,74,23,0,30.1,0,No Defect
382617,TWLD23,E15002965,240,9/10/2022,7:32:57:859,2.07,74,23,0,30.1,0,No Defect
382617,TWLD23,E15002965,240,9/10/2022,7:32:58:512,1.91,74,23,0,29.3,0,No Defect
382617,TWLD23,E15002965,240,9/10/2022,7:32:59:57,2.67,74,23,0,29.3,0,No Defect
382617,TWLD23,E15002965,240,9/10/2022,7:32:59:663,2,74,23,0,29,0,No Defect
382617,TWLD23,E15002965,240,9/10/2022,7:33:0:164,1.22,74,23,0,29,0,No Defect
382617,TWLD23,E15002965,240,9/10/2022,7:33:0:712,1.58,74,23,0,29,0,No Defect
382617,TWLD23,E15002965,240,9/10/2022,7:33:1:326,0.01,74,23,0,29.3,0,No Defect
382617,TWLD23,E15002965,240,9/10/2022,7:33:1:815,1,74,23,0,29.3,0,No Defect
382617,TWLD23,E15002965,240,9/10/2022,7:33:2:422,-0.98,74,23,0,28.4,0,No Defect
382617,TWLD23,E15002965,240,9/10/2022,7:33:2:954,-1.22,74,23,0,28.4,0,No Defect
382617,TWLD23,E15002965,240,9/10/2022,7:33:3:512,1.61,74,23,0,30.7,0,No Defect
382617,TWLD23,E15002965,240,9/10/2022,7:33:4:16,3.56,74,23,0,30.7,9.944,No Defect
382617,TWLD23,E15002965,240,9/10/2022,7:33:4:624,6.98,74,23,0,25.8,12.91,No Defect
382617,TWLD23,E15002965,240,9/10/2022,7:33:5:125,11.5,74,23,0,25.8,10.403,No Defect
382617,TWLD23,E15002965,240,9/10/2022,7:33:5:732,20.96,74,23,0.01,25.8,9.063,No Defect
382617,TWLD23,E15002965,240,9/10/2022,7:33:6:324,23.89,74,23,0,29.7,8.843,No Defect
382617,TWLD23,E15002965,240,9/10/2022,7:33:6:824,26.89,74,23,0,29.7,8.458,No Defect
382617,TWLD23,E15002965,240,9/10/2022,7:33:7:431,26.63,74,23,0.03,30.6,8.324,No Defect
382617,TWLD23,E15002965,240,9/10/2022,7:33:7:933,25.13,74,23,0.01,30.6,8.375,No Defect
382617,TWLD23,E15002965,240,9/10/2022,7:33:8:529,-1.03,74,23,0,32.2,9.513,No Defect
382617,TWLD23,E15002965,240,9/10/2022,7:33:9:29,-0.34,74,23,0.04,32.2,-2.56,No Defect
382617,TWLD23,E15002965,240,9/10/2022,7:33:9:672,1.06,74,23,0,33.9,0,No Defect
382617,TWLD23,E15002965,240,9/10/2022,7:33:10:174,2.98,74,23,0,33.9,0,No Defect
382617,TWLD23,E15002965,240,9/10/2022,7:33:10:724,12.27,74,23,0,33.9,12.269,No Defect
382617,TWLD23,E15002965,240,9/10/2022,7:33:11:339,22.01,74,23,0.01,101.3,9.261,No Defect
382617,TWLD23,E15002965,240,9/10/2022,7:33:11:839,31.91,74,23,0,101.3,8.531,No Defect
382617,TWLD23,E15002965,240,9/10/2022,7:33:12:423,31.99,74,23,0,31.5,8.522,No Defect
382617,TWLD23,E15002965,240,9/10/2022,7:33:12:953,32.42,73,23,0,31.5,8.348,No Defect
382617,TWLD23,E15002965,240,9/10/2022,7:33:13:598,22.63,73,23,0,33.3,-1.465,No Defect
382617,TWLD23,E15002965,240,9/10/2022,7:33:14:92,-1.87,73,23,0,33.3,0,No Defect
382617,TWLD23,E15002965,240,9/10/2022,7:33:14:669,0.79,74,23,0,33.5,0,No Defect
382617,TWLD23,E15002965,240,9/10/2022,7:33:15:143,0.47,74,23,0,33.5,0,No Defect
382617,TWLD23,E15002965,240,9/10/2022,7:33:15:736,13.01,74,23,0,33.5,11.476,No Defect
382617,TWLD23,E15002965,240,9/10/2022,7:33:16:335,26.25,74,23,0.04,28.4,8.692,No Defect
382617,TWLD23,E15002965,240,9/10/2022,7:33:16:836,33.06,74,23,0.01,28.4,8.258,No Defect
382617,TWLD23,E15002965,240,9/10/2022,7:33:17:337,36.39,74,23,0,33.3,8.22,No Defect
382617,TWLD23,E15002965,240,9/10/2022,7:33:17:844,35.55,74,23,0,33.3,8.307,No Defect
382617,TWLD23,E15002965,240,9/10/2022,7:33:18:437,35.5,74,23,0,35.8,8.368,No Defect
382617,TWLD23,E15002965,240,9/10/2022,7:33:18:939,35.8,73,23,0,35.8,8.283,No Defect
382617,TWLD23,E15002965,240,9/10/2022,7:33:19:572,35.7,73,23,0,35.8,8.335,No Defect
382617,TWLD23,E15002965,240,9/10/2022,7:33:20:74,36.17,73,23,0,38.5,8.334,No Defect
382617,TWLD23,E15002965,240,9/10/2022,7:33:20:633,6.77,73,23,0.03,38.5,8.313,No Defect
382617,TWLD23,E15002965,240,9/10/2022,7:33:21:147,-1.17,73,23,0,40.2,9.722,No Defect
382617,TWLD23,E15002965,240,9/10/2022,7:33:21:733,-0.11,73,23,0.02,40.2,0,No Defect
382617,TWLD23,E15002965,240,9/10/2022,7:33:22:235,0.06,73,23,0,39.8,0,No Defect
382617,TWLD23,E15002965,240,9/10/2022,7:33:22:748,2.21,73,23,0,39.8,0,No Defect
382617,TWLD23,E15002965,240,9/10/2022,7:33:23:351,1.67,73,23,0,39.8,0,No Defect
382617,TWLD23,E15002965,240,9/10/2022,7:33:23:843,1.35,73,23,0,36,0,No Defect
382617,TWLD23,E15002965,240,9/10/2022,7:33:24:442,8.21,73,23,0,36,12.317,No Defect
382617,TWLD23,E15002965,240,9/10/2022,7:33:24:942,17.76,73,23,0,28.2,10.336,No Defect
382617,TWLD23,E15002965,240,9/10/2022,7:33:25:542,27.23,73,23,0,28.2,9.035,No Defect
382617,TWLD23,E15002965,240,9/10/2022,7:33:26:41,30.04,73,23,0,34.8,8.477,No Defect
382617,TWLD23,E15002965,240,9/10/2022,7:33:26:546,31.22,73,23,0.04,34.8,8.476,No Defect
382617,TWLD23,E15002965,240,9/10/2022,7:33:27:46,31.69,73,23,0,34.8,8.382,No Defect
382617,TWLD23,E15002965,240,9/10/2022,7:33:27:641,15.17,73,23,0,34.4,8.491,No Defect
382617,TWLD23,E15002965,240,9/10/2022,7:33:28:163,3.58,73,23,0.03,34.4,8.2,No Defect
382617,TWLD23,E15002965,240,9/10/2022,7:33:28:735,-1.93,73,23,0,34.3,0,No Defect
382617,TWLD23,E15002965,240,9/10/2022,7:33:29:241,1.13,73,23,0.02,34.3,0,No Defect
382617,TWLD23,E15002965,240,9/10/2022,7:33:29:761,-1.14,73,23,0,34.3,0,No Defect
382617,TWLD23,E15002965,240,9/10/2022,7:33:30:344,12.58,73,23,0,33.7,11.844,No Defect
382617,TWLD23,E15002965,240,9/10/2022,7:33:30:844,28.09,73,23,0,33.7,8.897,No Defect
382617,TWLD23,E15002965,240,9/10/2022,7:33:31:368,31.03,73,23,0,33.7,8.411,No Defect
382617,TWLD23,E15002965,240,9/10/2022,7:33:31:858,32.89,73,23,0.03,33.7,8.465,No Defect
382617,TWLD23,E15002965,240,9/10/2022,7:33:32:549,32.36,73,23,0.02,33,8.495,No Defect
382617,TWLD23,E15002965,240,9/10/2022,7:33:33:46,32.01,73,23,0.04,33,8.386,No Defect
382617,TWLD23,E15002965,240,9/10/2022,7:33:33:593,32.29,73,23,0,33,8.421,No Defect
382617,TWLD23,E15002965,240,9/10/2022,7:33:34:101,32.55,73,23,0,33.2,8.352,No Defect
382617,TWLD23,E15002965,240,9/10/2022,7:33:34:660,32.78,73,23,0,33.2,8.474,No Defect
382617,TWLD23,E15002965,240,9/10/2022,7:33:35:162,32.56,73,23,0,31.8,8.445,No Defect
382617,TWLD23,E15002965,240,9/10/2022,7:33:35:767,31.1,73,23,0,31.8,8.458,No Defect
382617,TWLD23,E15002965,240,9/10/2022,7:33:36:364,-0.54,73,23,0,32.1,9.125,No Defect
382617,TWLD23,E15002965,240,9/10/2022,7:33:36:863,0.08,73,23,0,32.1,-2.541,No Defect
382617,TWLD23,E15002965,240,9/10/2022,7:33:37:458,-1.18,73,23,0.03,32.7,0,No Defect
382617,TWLD23,E15002965,240,9/10/2022,7:33:38:33,-1.78,73,23,0.02,32.7,0,No Defect
382617,TWLD23,E15002965,240,9/10/2022,7:33:38:665,2.62,73,23,0,31.8,0,No Defect
382617,TWLD23,E15002965,240,9/10/2022,7:33:39:176,1.52,73,23,0,31.8,0,No Defect
382617,TWLD23,E15002965,240,9/10/2022,7:33:39:814,-0.37,73,23,0,31.8,0,No Defect
382617,TWLD23,E15002965,240,9/10/2022,7:33:40:404,2.22,73,23,0,32.1,0,No Defect
382617,TWLD23,E15002965,240,9/10/2022,7:33:40:903,2.4,73,23,0,32.1,0,No Defect
382617,TWLD23,E15002965,240,9/10/2022,7:33:41:495,0.12,73,23,0,30.9,0,No Defect
382617,TWLD23,E15002965,240,9/10/2022,7:33:41:996,0.08,73,23,0.06,30.9,0,No Defect
382617,TWLD23,E15002965,240,9/10/2022,7:33:42:650,0.56,73,23,0,31.2,0,No Defect
382617,TWLD23,E15002965,240,9/10/2022,7:33:43:152,-0.6,73,23,0,31.2,0,No Defect
382617,TWLD23,E15002965,240,9/10/2022,7:33:43:701,1.31,73,23,0,30.5,0,No Defect
382617,TWLD23,E15002965,240,9/10/2022,7:33:44:202,-1.18,73,23,0,30.5,0,No Defect
382617,TWLD23,E15002965,240,9/10/2022,7:33:44:794,-1.29,73,23,0,30.5,0,No Defect
382617,TWLD23,E15002965,240,9/10/2022,7:33:45:391,-0.32,73,23,0,30.3,0,No Defect
382617,TWLD23,E15002965,240,9/10/2022,7:33:45:906,-0.58,73,23,0,30.3,0,No Defect
382617,TWLD23,E15002965,240,9/10/2022,7:33:46:502,-0.92,73,23,0,31.2,0,No Defect
382617,TWLD23,E15002965,240,9/10/2022,7:33:47:1,-1.09,73,23,0,31.2,0,No Defect
382617,TWLD23,E15002965,240,9/10/2022,7:33:47:588,2.74,73,23,0,31,0,No Defect
382617,TWLD23,E15002965,240,9/10/2022,7:33:48:95,1.12,73,23,0,31,0,No Defect
382617,TWLD23,E15002965,240,9/10/2022,7:33:48:604,1.95,73,23,0.04,31,0,No Defect
382617,TWLD23,E15002965,240,9/10/2022,7:33:49:114,2.51,73,23,0,30.4,0,No Defect
382617,TWLD23,E15002965,240,9/10/2022,7:33:49:791,2.85,73,23,0.03,30.4,0,No Defect
382617,TWLD23,E15002965,240,9/10/2022,7:33:50:294,-1.5,73,23,0,30.9,0,No Defect
382617,TWLD23,E15002965,240,9/10/2022,7:33:50:802,0.77,73,23,0,30.9,0,No Defect
382617,TWLD23,E15002965,240,9/10/2022,7:33:51:402,2.51,73,23,0.02,30.3,0,No Defect
382617,TWLD23,E15002965,240,9/10/2022,7:33:51:909,-0.39,73,23,0.01,30.3,0,No Defect
382617,TWLD23,E15002965,240,9/10/2022,7:33:52:552,0.68,73,23,0,30.4,0,No Defect
382617,TWLD23,E15002965,240,9/10/2022,7:33:53:50,1.8,73,23,0,30.4,0,No Defect
382617,TWLD23,E15002965,240,9/10/2022,7:33:53:605,0.2,73,23,0,30.4,0,No Defect
382617,TWLD23,E15002965,240,9/10/2022,7:33:54:113,-1.48,73,23,0,30.4,0,No Defect
382617,TWLD23,E15002965,240,9/10/2022,7:33:54:696,2.87,73,23,0,30.4,0,No Defect
382617,TWLD23,E15002965,240,9/10/2022,7:33:55:211,-1.65,73,23,0,30,0,No Defect
382617,TWLD23,E15002965,240,9/10/2022,7:33:55:797,0.92,73,23,0,30,0,No Defect
382617,TWLD23,E15002965,240,9/10/2022,7:33:56:516,0.88,73,23,0.01,29.9,0,No Defect
382617,TWLD23,E15002965,240,9/10/2022,7:33:57:7,1.02,73,23,0,29.9,0,No Defect
382617,TWLD23,E15002965,240,9/10/2022,7:33:57:633,3.38,73,23,0,29.6,0,No Defect
382617,TWLD23,E15002965,240,9/10/2022,7:33:58:185,2.32,73,23,0,29.6,0,No Defect
382617,TWLD23,E15002965,240,9/10/2022,7:33:58:856,0.73,73,23,0,30.6,0,No Defect
382617,TWLD23,E15002965,240,9/10/2022,7:33:59:424,0.34,73,23,0.01,30.6,0,No Defect
382617,TWLD23,E15002965,240,9/10/2022,7:33:59:990,2.18,73,23,0,31.1,0,No Defect
382617,TWLD23,E15002965,240,9/10/2022,7:34:0:535,-0.07,73,23,0,31.1,0,No Defect
382617,TWLD23,E15002965,240,9/10/2022,7:34:1:40,1.28,73,23,0,31.1,0,No Defect
382617,TWLD23,E15002965,240,9/10/2022,7:34:1:631,-1.46,73,23,0,29.8,0,No Defect
382617,TWLD23,E15002965,240,9/10/2022,7:34:2:142,-0.15,73,23,0,29.8,0,No Defect
382617,TWLD23,E15002965,240,9/10/2022,7:34:2:753,0.99,73,23,0,30.4,0,No Defect
382617,TWLD23,E15002965,240,9/10/2022,7:34:3:259,2.89,73,23,0,30.4,0,No Defect
382617,TWLD23,E15002965,240,9/10/2022,7:34:3:832,3.77,73,23,0,29.1,0,No Defect
382617,TWLD23,E15002965,240,9/10/2022,7:34:4:443,2.96,73,23,0,29.1,0,No Defect
382617,TWLD23,E15002965,240,9/10/2022,7:34:4:943,0.4,73,23,0,29.1,0,No Defect
382617,TWLD23,E15002965,240,9/10/2022,7:34:5:543,-0.54,73,23,0,29,0,No Defect
382617,TWLD23,E15002965,240,9/10/2022,7:34:6:328,-1.84,73,23,0,29,0,No Defect
382617,TWLD23,E15002965,240,9/10/2022,7:34:6:931,3.04,73,23,0,29.5,0,No Defect
382617,TWLD23,E15002965,240,9/10/2022,7:34:7:486,2.31,73,23,0,28.9,0,No Defect
382617,TWLD23,E15002965,240,9/10/2022,7:34:7:979,-0.67,73,23,0,28.9,0,No Defect
382617,TWLD23,E15002965,240,9/10/2022,7:34:8:583,1.34,73,23,0,28.9,0,No Defect
382617,TWLD23,E15002965,240,9/10/2022,7:34:9:86,0.1,73,23,0,28.6,0,No Defect
382617,TWLD23,E15002965,240,9/10/2022,7:34:9:697,1.27,73,23,0,28.6,0,No Defect
382617,TWLD23,E15002965,240,9/10/2022,7:34:10:207,-1.68,73,23,0,28.8,0,No Defect
382617,TWLD23,E15002965,240,9/10/2022,7:34:10:789,0.96,73,23,0,28.8,0,No Defect
382617,TWLD23,E15002965,240,9/10/2022,7:34:11:307,2.17,73,23,0,28.3,0,No Defect
382617,TWLD23,E15002965,240,9/10/2022,7:34:11:880,1.21,73,23,0,28.3,0,No Defect
382617,TWLD23,E15002965,240,9/10/2022,7:34:12:498,2.8,73,23,0.06,28.3,0,No Defect
382617,TWLD23,E15002965,240,9/10/2022,7:34:12:923,2.1,73,23,0,28.3,0,No Defect
382617,TWLD23,E15002965,240,9/10/2022,7:34:13:603,1.85,73,23,0,28.3,0,No Defect
382617,TWLD23,E15002965,240,9/10/2022,7:34:14:3,0.1,73,23,0,28.3,0,No Defect
382617,TWLD23,E15002965,240,9/10/2022,7:34:14:588,2.83,73,23,0,28.3,0,No Defect
382617,TWLD23,E15002965,240,9/10/2022,7:34:15:90,-0.24,73,23,0,29,0,No Defect
382617,TWLD23,E15002965,240,9/10/2022,7:34:15:595,-0.11,73,23,0,29,0,No Defect
382617,TWLD23,E15002965,240,9/10/2022,7:34:16:97,3.79,73,23,0,29,-1.569,No Defect
382617,TWLD23,E15002965,240,9/10/2022,7:34:16:690,7.37,73,23,0,28.6,12.342,No Defect
382617,TWLD23,E15002965,240,9/10/2022,7:34:17:210,10.65,73,23,0,28.6,10.514,No Defect
382617,TWLD23,E15002965,240,9/10/2022,7:34:17:799,16.99,73,23,0,28.6,9.902,No Defect
382617,TWLD23,E15002965,240,9/10/2022,7:34:18:321,18.89,73,23,0,28.6,8.778,No Defect
382617,TWLD23,E15002965,240,9/10/2022,7:34:18:897,22.6,73,23,0,28.3,8.695,No Defect
382617,TWLD23,E15002965,240,9/10/2022,7:34:19:495,21.69,73,23,0,28.3,8.418,No Defect
382617,TWLD23,E15002965,240,9/10/2022,7:34:19:995,21.94,73,23,0.04,28.3,8.269,No Defect
382617,TWLD23,E15002965,240,9/10/2022,7:34:20:587,22.23,73,23,0,28.1,5.865,Tungsten Inclusion
382617,TWLD23,E15002965,240,9/10/2022,7:34:21:111,4.83,73,23,0,28.1,-2.317,Tungsten Inclusion
382617,TWLD23,E15002965,240,9/10/2022,7:34:21:686,1.03,73,23,0,28.3,0,No Defect
382617,TWLD23,E15002965,240,9/10/2022,7:34:22:191,2.76,73,23,0,28.3,0,No Defect
382617,TWLD23,E15002965,240,9/10/2022,7:34:22:696,7.05,73,23,0,29.1,12.63,No Defect
382617,TWLD23,E15002965,240,9/10/2022,7:34:23:203,22.02,73,23,0,29.1,9.211,No Defect
382617,TWLD23,E15002965,240,9/10/2022,7:34:23:794,28.54,73,23,0,29.1,8.056,No Defect
382617,TWLD23,E15002965,240,9/10/2022,7:34:24:296,31.47,73,23,0,29.1,7.512,No Defect
382617,TWLD23,E15002965,240,9/10/2022,7:34:24:796,19.18,73,23,0,29.1,7.623,No Defect
382617,TWLD23,E15002965,240,9/10/2022,7:34:25:294,-0.64,73,23,0,29.2,10.266,No Defect
382617,TWLD23,E15002965,240,9/10/2022,7:34:25:895,2.26,73,23,0,29.2,0,No Defect
382617,TWLD23,E15002965,240,9/10/2022,7:34:26:390,15.1,73,23,0,28.8,1.199,Tungsten Inclusion
382617,TWLD23,E15002965,240,9/10/2022,7:34:26:904,18.53,73,23,0,28.8,11.188,Tungsten Inclusion
382617,TWLD23,E15002965,240,9/10/2022,7:34:27:511,27.03,73,23,0,28.8,8.608,No Defect
382617,TWLD23,E15002965,240,9/10/2022,7:34:28:6,27.26,73,23,0,28.8,8.109,No Defect
382617,TWLD23,E15002965,240,9/10/2022,7:34:28:590,27.35,73,23,0,28.8,8.174,No Defect
382617,TWLD23,E15002965,240,9/10/2022,7:34:29:95,27.59,73,23,0,30.4,8.213,No Defect
382617,TWLD23,E15002965,240,9/10/2022,7:34:29:610,27.88,73,23,0,30.4,8.141,No Defect
382617,TWLD23,E15002965,240,9/10/2022,7:34:30:103,27.37,73,23,0,30.2,8.096,No Defect
382617,TWLD23,E15002965,240,9/10/2022,7:34:30:701,27.7,73,23,0,30.2,8.137,No Defect
382617,TWLD23,E15002965,240,9/10/2022,7:34:31:201,28.5,73,23,0,30.2,8.013,No Defect
382617,TWLD23,E15002965,240,9/10/2022,7:34:31:796,26.78,73,23,0,30.8,8.037,No Defect
382617,TWLD23,E15002965,240,9/10/2022,7:34:32:297,28.09,73,23,0,30.8,8.15,No Defect
382617,TWLD23,E15002965,240,9/10/2022,7:34:32:909,27.86,73,23,0,32.1,8.074,No Defect
382617,TWLD23,E15002965,240,9/10/2022,7:34:33:595,5.72,73,23,0,32.1,8.075,No Defect
382617,TWLD23,E15002965,240,9/10/2022,7:34:33:994,0.41,73,23,0,33,8.28,No Defect
382617,TWLD23,E15002965,240,9/10/2022,7:34:34:506,0.32,73,23,0,33,0,No Defect
382617,TWLD23,E15002965,240,9/10/2022,7:34:35:0,-1.65,73,23,0,33,0,No Defect
382617,TWLD23,E15002965,240,9/10/2022,7:34:35:512,2.44,73,23,0,33.3,0,No Defect
382617,TWLD23,E15002965,240,9/10/2022,7:34:36:9,-1.94,73,23,0,33.3,0,No Defect
382617,TWLD23,E15002965,240,9/10/2022,7:34:36:604,0.57,73,23,0,32.9,0,No Defect
382617,TWLD23,E15002965,240,9/10/2022,7:34:37:107,-0.11,73,23,0,32.9,0,No Defect
382617,TWLD23,E15002965,240,9/10/2022,7:34:37:610,7.51,73,23,0,32.9,-0.773,No Defect
382617,TWLD23,E15002965,240,9/10/2022,7:34:38:110,10.52,73,23,0,32.9,12.158,No Defect
382617,TWLD23,E15002965,240,9/10/2022,7:34:38:704,12.09,73,23,0,32.9,10.782,No Defect
382617,TWLD23,E15002965,240,9/10/2022,7:34:39:209,17.4,73,23,0,32.9,9.698,No Defect
382617,TWLD23,E15002965,240,9/10/2022,7:34:39:826,20.48,73,23,0,32.9,9.02,No Defect
382617,TWLD23,E15002965,240,9/10/2022,7:34:40:329,17.78,73,23,0,35,-1.005,No Defect
382617,TWLD23,E15002965,240,9/10/2022,7:34:40:915,4.2,73,23,0,35,0,No Defect
382617,TWLD23,E15002965,240,9/10/2022,7:34:41:405,-0.12,73,23,0,35,0,No Defect
382617,TWLD23,E15002965,240,9/10/2022,7:34:41:911,1.46,73,23,0,36,0,No Defect
382617,TWLD23,E15002965,240,9/10/2022,7:34:42:614,2.48,73,23,0,36,0,No Defect
382617,TWLD23,E15002965,240,9/10/2022,7:34:43:15,5.51,73,23,0,33.3,0,No Defect
382617,TWLD23,E15002965,240,9/10/2022,7:34:43:609,13.28,73,23,0.03,33.3,10.613,No Defect
382617,TWLD23,E15002965,240,9/10/2022,7:34:44:110,20.42,73,23,0,33.3,9.139,No Defect
382617,TWLD23,E15002965,240,9/10/2022,7:34:44:710,24.39,73,23,0,33.3,8.476,No Defect
382617,TWLD23,E15002965,240,9/10/2022,7:34:45:212,25.26,73,23,0.06,33,8.404,No Defect
382617,TWLD23,E15002965,240,9/10/2022,7:34:45:805,26.28,73,23,0,33,8.358,No Defect
382617,TWLD23,E15002965,240,9/10/2022,7:34:46:304,11.35,73,23,0,33,8.355,No Defect
382617,TWLD23,E15002965,240,9/10/2022,7:34:46:806,-0.55,73,23,0,33.2,8.949,No Defect
382617,TWLD23,E15002965,240,9/10/2022,7:34:47:309,-1.87,73,23,0,33.2,0,No Defect
382617,TWLD23,E15002965,240,9/10/2022,7:34:47:915,2.5,73,23,0,32.3,0,No Defect
382617,TWLD23,E15002965,240,9/10/2022,7:34:48:511,-1.16,73,23,0,32.3,0,No Defect
382617,TWLD23,E15002965,240,9/10/2022,7:34:49:7,-1.7,73,23,0,31.2,0,No Defect
382617,TWLD23,E15002965,240,9/10/2022,7:34:49:639,-0.28,73,23,0.03,31.2,0,No Defect
382617,TWLD23,E15002965,240,9/10/2022,7:34:50:40,-1.11,73,23,0,31.2,0,No Defect
382617,TWLD23,E15002965,240,9/10/2022,7:34:50:612,-1.69,73,23,0,31,0,No Defect
382617,TWLD23,E15002965,240,9/10/2022,7:34:51:117,3.49,73,23,0.01,31,0,No Defect
382617,TWLD23,E15002965,240,9/10/2022,7:34:51:708,2.48,73,23,0,32.8,0,No Defect
382617,TWLD23,E15002965,240,9/10/2022,7:34:52:214,2.83,73,23,0,32.8,0,No Defect
382617,TWLD23,E15002965,240,9/10/2022,7:34:52:812,-1.85,73,23,0,32.5,0,No Defect
382617,TWLD23,E15002965,240,9/10/2022,7:34:53:321,1.02,73,23,0,32.5,0,No Defect
382617,TWLD23,E15002965,240,9/10/2022,7:34:53:944,2.35,73,23,0,32,0,No Defect
382617,TWLD23,E15002965,240,9/10/2022,7:34:54:542,-0.99,73,23,0,32,0,No Defect
382617,TWLD23,E15002965,240,9/10/2022,7:34:55:35,0.32,73,23,0,32,0,No Defect
382617,TWLD23,E15002965,240,9/10/2022,7:34:55:638,-0.36,73,23,0,30.9,0,No Defect
382617,TWLD23,E15002965,240,9/10/2022,7:34:56:139,3.53,73,23,0,30.9,0,No Defect
382617,TWLD23,E15002965,240,9/10/2022,7:34:56:864,3.54,73,23,0.02,31.1,0,No Defect
382617,TWLD23,E15002965,240,9/10/2022,7:34:57:425,1.32,73,23,0.05,31.1,0,No Defect
382617,TWLD23,E15002965,240,9/10/2022,7:34:58:88,-0.8,73,23,0,29.5,0,No Defect
382617,TWLD23,E15002965,240,9/10/2022,7:34:58:749,1.78,73,23,0,29.5,0,No Defect
382617,TWLD23,E15002965,240,9/10/2022,7:34:59:269,-1.27,73,23,0,29.6,0,No Defect
382617,TWLD23,E15002965,240,9/10/2022,7:34:59:861,-0.08,73,23,0,29.6,0,No Defect
382617,TWLD23,E15002965,240,9/10/2022,7:35:0:360,-1.14,73,23,0,29.6,0,No Defect
382617,TWLD23,E15002965,240,9/10/2022,7:35:0:955,0,73,23,0,29.6,0,No Defect
382617,TWLD23,E15002965,240,9/10/2022,7:35:1:556,0.81,73,23,0,29.6,0,No Defect
382617,TWLD23,E15002965,240,9/10/2022,7:35:2:51,-1.95,73,23,0.03,29.6,0,No Defect
382617,TWLD23,E15002965,240,9/10/2022,7:35:2:878,1.04,73,23,0,30.6,0,No Defect
382617,TWLD23,E15002965,240,9/10/2022,7:35:3:399,-1.24,73,23,0,30.6,0,No Defect
382617,TWLD23,E15002965,240,9/10/2022,7:35:4:144,1.35,73,23,0.01,29,0,No Defect
382617,TWLD23,E15002965,240,9/10/2022,7:35:4:744,2.84,73,23,0,29,0,No Defect
382617,TWLD23,E15002965,240,9/10/2022,7:35:5:260,1.93,73,23,0,29,0,No Defect
382617,TWLD23,E15002965,240,9/10/2022,7:35:5:764,0.12,73,23,0,29.5,0,No Defect
382617,TWLD23,E15002965,240,9/10/2022,7:35:6:267,1.32,73,23,0,29.5,0,No Defect
382617,TWLD23,E15002965,240,9/10/2022,7:35:6:868,2.54,73,23,0,30.2,0,No Defect
382617,TWLD23,E15002965,240,9/10/2022,7:35:7:366,-0.71,73,23,0,30.2,0,No Defect
382617,TWLD23,E15002965,240,9/10/2022,7:35:7:962,-0.58,73,23,0,30,0,No Defect
382617,TWLD23,E15002965,240,9/10/2022,7:35:8:560,0.32,73,23,0.05,30,0,No Defect
382617,TWLD23,E15002965,240,9/10/2022,7:35:8:994,1.81,73,23,0.09,30,0,No Defect
382617,TWLD23,E15002965,240,9/10/2022,7:35:9:663,1.82,73,23,0,29.9,0,No Defect
382617,TWLD23,E15002965,240,9/10/2022,7:35:10:70,1.75,73,23,0,29.9,0,No Defect
382617,TWLD23,E15002965,240,9/10/2022,7:35:10:660,1.76,73,23,0,29.1,0,No Defect
382617,TWLD23,E15002965,240,9/10/2022,7:35:11:161,3.71,73,23,0,29.1,0,No Defect
382617,TWLD23,E15002965,240,9/10/2022,7:35:11:662,3.31,73,23,0.02,29.1,0,No Defect
382617,TWLD23,E15002965,240,9/10/2022,7:35:12:170,2.25,73,23,0,29.5,0,No Defect
382617,TWLD23,E15002965,240,9/10/2022,7:35:12:740,1.91,73,23,0,29.5,0,No Defect
382617,TWLD23,E15002965,240,9/10/2022,7:35:13:247,-0.64,73,23,0,29.5,0,No Defect
382617,TWLD23,E15002965,240,9/10/2022,7:35:13:776,-0.05,73,23,0,29.5,0,No Defect
382617,TWLD23,E15002965,240,9/10/2022,7:35:14:287,1.63,73,23,0,29,0,No Defect
382617,TWLD23,E15002965,240,9/10/2022,7:35:14:870,2.56,73,23,0,29,0,No Defect
382617,TWLD23,E15002965,240,9/10/2022,7:35:15:379,3.41,73,23,0,29.4,0,No Defect
382617,TWLD23,E15002965,240,9/10/2022,7:35:15:974,-0.28,73,23,0,29.4,0,No Defect
382617,TWLD23,E15002965,240,9/10/2022,7:35:16:578,0.13,73,23,0,29.4,0,No Defect
382617,TWLD23,E15002965,240,9/10/2022,7:35:17:78,1.75,73,23,0,29.1,0,No Defect
382617,TWLD23,E15002965,240,9/10/2022,7:35:17:673,0.51,73,23,0,29.1,0,No Defect
382617,TWLD23,E15002965,240,9/10/2022,7:35:18:178,0.13,73,23,0,28.8,0,No Defect
382617,TWLD23,E15002965,240,9/10/2022,7:35:18:765,2.38,73,23,0,28.8,0,No Defect
382617,TWLD23,E15002965,240,9/10/2022,7:35:19:267,0.83,73,23,0,29.5,0,No Defect
382617,TWLD23,E15002965,240,9/10/2022,7:35:19:866,-0.67,73,23,0.03,29.5,0,No Defect
382617,TWLD23,E15002965,240,9/10/2022,7:35:20:368,2.44,73,23,0,30.3,0,No Defect
382617,TWLD23,E15002965,240,9/10/2022,7:35:20:873,2.67,73,23,0.01,30.3,0,No Defect
382617,TWLD23,E15002965,240,9/10/2022,7:35:21:376,0.06,73,23,0,30.3,0,No Defect
382617,TWLD23,E15002965,240,9/10/2022,7:35:21:970,2.61,73,23,0,28.8,0,No Defect
382617,TWLD23,E15002965,240,9/10/2022,7:35:22:578,-0.99,73,23,0,28.8,0,No Defect
382617,TWLD23,E15002965,240,9/10/2022,7:35:23:144,0.85,73,23,0,28.9,0,No Defect
382617,TWLD23,E15002965,240,9/10/2022,7:35:23:670,-0.15,73,23,0,28.9,0,No Defect
382617,TWLD23,E15002965,240,9/10/2022,7:35:24:176,0.86,73,23,0,29.2,0,No Defect
382617,TWLD23,E15002965,240,9/10/2022,7:35:24:771,0.96,73,23,0,29.2,0,No Defect
382617,TWLD23,E15002965,240,9/10/2022,7:35:25:273,0.13,73,23,0.03,29.2,0,No Defect
382617,TWLD23,E15002965,240,9/10/2022,7:35:25:885,1.85,73,23,0,29.5,0,No Defect
382617,TWLD23,E15002965,240,9/10/2022,7:35:26:390,2.2,73,23,0,29.5,0,No Defect
382617,TWLD23,E15002965,240,9/10/2022,7:35:26:977,2.15,73,23,0.01,30,0,No Defect
382617,TWLD23,E15002965,240,9/10/2022,7:35:27:572,1.91,73,23,0.02,30,0,No Defect
382617,TWLD23,E15002965,240,9/10/2022,7:35:28:74,2.38,73,23,0,30.2,0,No Defect
382617,TWLD23,E15002965,240,9/10/2022,7:35:28:577,-0.75,73,23,0,30.2,0,No Defect
382617,TWLD23,E15002965,240,9/10/2022,7:35:29:80,-1.44,73,23,0.02,30.2,0,No Defect
382617,TWLD23,E15002965,240,9/10/2022,7:35:29:679,1.97,73,23,0,29.9,0,No Defect
382617,TWLD23,E15002965,240,9/10/2022,7:35:30:177,-0.73,73,23,0,29.9,0,No Defect
382617,TWLD23,E15002965,240,9/10/2022,7:35:30:770,0.73,73,23,0,29.4,0,No Defect
382617,TWLD23,E15002965,240,9/10/2022,7:35:31:272,-0.57,73,23,0,29.4,0,No Defect
382617,TWLD23,E15002965,240,9/10/2022,7:35:31:774,2.65,73,23,0,29.8,0,No Defect
382617,TWLD23,E15002965,240,9/10/2022,7:35:32:279,-0.86,73,23,0,29.8,0,No Defect
382617,TWLD23,E15002965,240,9/10/2022,7:35:32:940,-1.11,73,23,0,29.2,0,No Defect
382617,TWLD23,E15002965,240,9/10/2022,7:35:33:443,3.16,73,23,0.1,29.2,0,No Defect
382617,TWLD23,E15002965,240,9/10/2022,7:35:33:979,-0.06,73,23,0,29.2,0,No Defect
382617,TWLD23,E15002965,240,9/10/2022,7:35:34:576,-0.1,73,23,0,30.3,0,No Defect
382617,TWLD23,E15002965,240,9/10/2022,7:35:35:75,1.4,73,23,0,30.3,0,No Defect
382617,TWLD23,E15002965,240,9/10/2022,7:35:35:675,0.88,73,23,0,29.1,0,No Defect
382617,TWLD23,E15002965,240,9/10/2022,7:35:36:180,2.51,73,23,0.05,29.1,0,No Defect
382617,TWLD23,E15002965,240,9/10/2022,7:35:36:769,-1.52,73,23,0,29,0,No Defect
382617,TWLD23,E15002965,240,9/10/2022,7:35:37:271,-1.09,73,23,0,29,0,No Defect
382617,TWLD23,E15002965,240,9/10/2022,7:35:37:879,1.55,73,23,0,29,0,No Defect
382617,TWLD23,E15002965,240,9/10/2022,7:35:38:380,-1.72,73,23,0,29.1,0,No Defect
382617,TWLD23,E15002965,240,9/10/2022,7:35:38:978,0.55,73,23,0.07,29.1,0,No Defect
382617,TWLD23,E15002965,240,9/10/2022,7:35:39:687,2.39,72,23,0,28.5,0,No Defect
382617,TWLD23,E15002965,240,9/10/2022,7:35:40:104,1.81,72,23,0,28.5,0,No Defect
382617,TWLD23,E15002965,240,9/10/2022,7:35:40:673,-1.4,72,23,0,28.3,0,No Defect
382617,TWLD23,E15002965,240,9/10/2022,7:35:41:177,-0.72,72,23,0,28.3,0,No Defect
382617,TWLD23,E15002965,240,9/10/2022,7:35:41:770,0.5,73,23,0,28.2,0,No Defect
382617,TWLD23,E15002965,240,9/10/2022,7:35:42:272,2.31,73,23,0,28.2,0,No Defect
382617,TWLD23,E15002965,240,9/10/2022,7:35:42:842,1.01,73,23,0,28.2,0,No Defect
382617,TWLD23,E15002965,240,9/10/2022,7:35:43:347,-0.75,73,23,0,28,0,No Defect
382617,TWLD23,E15002965,240,9/10/2022,7:35:43:885,1.15,73,23,0,28,0,No Defect
382617,TWLD23,E15002965,240,9/10/2022,7:35:44:389,0.17,73,23,0,28,0,No Defect
382617,TWLD23,E15002965,240,9/10/2022,7:35:44:975,2.33,73,23,0.07,27.8,16.319,No Defect73
382617,TWLD23,E15002965,240,9/10/2022,7:35:45:474,8.76,73,23,0,27.8,15.722,No Defect
382617,TWLD23,E15002965,240,9/10/2022,7:35:45:979,12.19,73,23,0,26.3,12.333,No Defect
382617,TWLD23,E15002965,240,9/10/2022,7:35:46:581,17.63,73,23,0.05,26.3,9.236,No Defect
382617,TWLD23,E15002965,240,9/10/2022,7:35:47:82,19.26,73,23,0.05,27.8,9.03,No Defect
382617,TWLD23,E15002965,240,9/10/2022,7:35:47:677,21.22,73,23,0,27.8,8.904,No Defect
382617,TWLD23,E15002965,240,9/10/2022,7:35:48:183,23.61,73,23,0,28.1,8.376,No Defect
382617,TWLD23,E15002965,240,9/10/2022,7:35:48:773,23.12,73,23,0,28.1,8.271,No Defect
382617,TWLD23,E15002965,240,9/10/2022,7:35:49:275,23.66,73,23,0,28.1,8.178,No Defect
382617,TWLD23,E15002965,240,9/10/2022,7:35:49:799,6.07,73,23,0,28.5,8.16,No Defect
382617,TWLD23,E15002965,240,9/10/2022,7:35:50:303,2.44,73,23,0,28.5,10.438,No Defect
382617,TWLD23,E15002965,240,9/10/2022,7:35:50:880,19.73,73,23,0.07,28.6,0,No Defect
382617,TWLD23,E15002965,240,9/10/2022,7:35:51:380,14.6,73,23,0,28.6,11.22,No Defect
382617,TWLD23,E15002965,240,9/10/2022,7:35:51:890,26.66,73,23,0.04,28,9.112,No Defect
382617,TWLD23,E15002965,240,9/10/2022,7:35:52:387,30.73,73,23,0,28,8.543,No Defect
382617,TWLD23,E15002965,240,9/10/2022,7:35:53:50,4.57,73,23,0,28,8.236,No Defect
382617,TWLD23,E15002965,240,9/10/2022,7:35:53:684,-0.91,73,23,0,28.4,1.355,No Defect
382617,TWLD23,E15002965,240,9/10/2022,7:35:54:87,-1.85,72,23,0,28.4,0,No Defect
382617,TWLD23,E15002965,240,9/10/2022,7:35:54:684,8.99,72,23,0,3276.4,8.84,No Defect
382617,TWLD23,E15002965,240,9/10/2022,7:35:55:184,27.65,72,23,0,3276.4,9.267,No Defect
382617,TWLD23,E15002965,240,9/10/2022,7:35:55:783,30.74,72,23,0,28.4,8.72,No Defect
382617,TWLD23,E15002965,240,9/10/2022,7:35:56:306,30.81,72,23,0,28.4,8.72,No Defect
382617,TWLD23,E15002965,240,9/10/2022,7:35:56:879,32.06,72,23,0.04,28.4,8.55,No Defect
382617,TWLD23,E15002965,240,9/10/2022,7:35:57:384,32.4,72,23,0,28.9,8.487,No Defect
382617,TWLD23,E15002965,240,9/10/2022,7:35:57:887,32.44,73,23,0.03,28.9,8.476,No Defect
382617,TWLD23,E15002965,240,9/10/2022,7:35:58:508,31.54,73,23,0,29.2,8.479,No Defect
382617,TWLD23,E15002965,240,9/10/2022,7:35:59:198,31.92,73,23,0.02,29.2,8.503,No Defect
382617,TWLD23,E15002965,240,9/10/2022,7:35:59:771,31.49,72,23,0,30.4,8.477,No Defect
382617,TWLD23,E15002965,240,9/10/2022,7:36:0:257,8.72,72,23,0,30.4,8.404,No Defect
382617,TWLD23,E15002965,240,9/10/2022,7:36:0:801,-1.22,72,23,0,31.1,9.828,No Defect
382617,TWLD23,E15002965,240,9/10/2022,7:36:1:306,1.4,72,23,0,31.1,-2.487,No Defect
382617,TWLD23,E15002965,240,9/10/2022,7:36:1:921,0.89,72,23,0,31.3,0,No Defect
382617,TWLD23,E15002965,240,9/10/2022,7:36:2:418,2.66,72,23,0,31.3,0,No Defect
382617,TWLD23,E15002965,240,9/10/2022,7:36:3:44,0.98,72,23,0,31.3,0,No Defect
382617,TWLD23,E15002965,240,9/10/2022,7:36:3:612,1.35,72,23,0.03,30.2,0,No Defect
382617,TWLD23,E15002965,240,9/10/2022,7:36:4:111,-0.67,72,23,0,30.2,0,No Defect
382617,TWLD23,E15002965,240,9/10/2022,7:36:4:698,0.64,72,23,0,32.5,0,No Defect
382617,TWLD23,E15002965,240,9/10/2022,7:36:5:209,-0.8,72,23,0,32.5,0,No Defect
382617,TWLD23,E15002965,240,9/10/2022,7:36:5:801,1.58,72,23,0,32.9,0,No Defect
382617,TWLD23,E15002965,240,9/10/2022,7:36:6:309,-1.69,72,23,0,32.9,0,No Defect
382617,TWLD23,E15002965,240,9/10/2022,7:36:6:903,3.36,72,23,0,32.9,7.118,No Defect
382617,TWLD23,E15002965,240,9/10/2022,7:36:7:411,9.08,72,23,0,32.9,14.311,No Defect
382617,TWLD23,E15002965,240,9/10/2022,7:36:8:10,18.66,72,23,0.01,32.9,9.056,No Defect
382617,TWLD23,E15002965,240,9/10/2022,7:36:8:606,22.98,72,23,0,32.9,8.671,No Defect
382617,TWLD23,E15002965,240,9/10/2022,7:36:9:114,26.38,72,23,0,32.9,8.56,No Defect
382617,TWLD23,E15002965,240,9/10/2022,7:36:9:739,25.75,72,23,0,33.6,8.282,No Defect
382617,TWLD23,E15002965,240,9/10/2022,7:36:10:243,26.03,72,23,0,33.6,8.234,No Defect
382617,TWLD23,E15002965,240,9/10/2022,7:36:10:805,25.58,72,23,0,34.3,8.193,No Defect
382617,TWLD23,E15002965,240,9/10/2022,7:36:11:320,2.68,72,23,0,34.3,8.157,No Defect
382617,TWLD23,E15002965,240,9/10/2022,7:36:11:902,2.03,72,23,0,34.3,-2.363,No Defect
382617,TWLD23,E15002965,240,9/10/2022,7:36:12:414,-1.78,72,23,0,36.6,0,No Defect
382617,TWLD23,E15002965,240,9/10/2022,7:36:13:52,13.35,72,23,0,36.6,11.007,No Defect
382617,TWLD23,E15002965,240,9/10/2022,7:36:13:758,25.13,72,23,0.02,28.7,8.696,No Defect
382617,TWLD23,E15002965,240,9/10/2022,7:36:14:161,31.7,73,23,0,28.7,8.532,No Defect
382617,TWLD23,E15002965,240,9/10/2022,7:36:14:701,31.72,73,23,0,35.9,8.545,No Defect
382617,TWLD23,E15002965,240,9/10/2022,7:36:15:212,27.14,73,23,0,35.9,-1.714,No Defect
382617,TWLD23,E15002965,240,9/10/2022,7:36:15:807,1.26,73,23,0.01,36.2,-2.326,No Defect
382617,TWLD23,E15002965,240,9/10/2022,7:36:16:321,-0.24,72,23,0,36.2,0,No Defect
382617,TWLD23,E15002965,240,9/10/2022,7:36:16:903,13.92,72,23,0,36.2,-0.577,No Defect
382617,TWLD23,E15002965,240,9/10/2022,7:36:17:413,23.53,72,23,0,35.7,20.827,No Defect
382617,TWLD23,E15002965,240,9/10/2022,7:36:18:1,32.06,72,23,0,35.7,8.819,No Defect
382617,TWLD23,E15002965,240,9/10/2022,7:36:18:502,32.96,72,23,0,35.7,8.289,No Defect
382617,TWLD23,E15002965,240,9/10/2022,7:36:19:17,31.95,72,23,0,35.7,8.16,No Defect
382617,TWLD23,E15002965,240,9/10/2022,7:36:19:610,30.9,72,23,0,36.2,8.237,No Defect
382617,TWLD23,E15002965,240,9/10/2022,7:36:20:128,30.34,72,23,0,36.2,8.363,No Defect
382617,TWLD23,E15002965,240,9/10/2022,7:36:20:704,30.75,72,23,0.02,36.2,8.293,No Defect
382617,TWLD23,E15002965,240,9/10/2022,7:36:21:219,30.85,72,23,0.07,39.2,8.231,No Defect
382617,TWLD23,E15002965,240,9/10/2022,7:36:21:817,12.05,72,23,0,39.2,-0.083,No Defect
382617,TWLD23,E15002965,240,9/10/2022,7:36:22:316,2.48,72,23,0,40.7,-2.195,No Defect
382617,TWLD23,E15002965,240,9/10/2022,7:36:22:942,20.16,72,23,0,40.7,0,No Defect
382617,TWLD23,E15002965,240,9/10/2022,7:36:23:456,21.35,72,23,0,1637.7,11.226,No Defect
382617,TWLD23,E15002965,240,9/10/2022,7:36:24:7,28.41,72,23,0,1637.7,8.304,No Defect
382617,TWLD23,E15002965,240,9/10/2022,7:36:24:607,30.98,72,23,0,39.4,8.184,No Defect
382617,TWLD23,E15002965,240,9/10/2022,7:36:25:103,29.68,72,23,0.01,39.4,8.071,No Defect
382617,TWLD23,E15002965,240,9/10/2022,7:36:25:611,20.91,72,23,0,39.4,8.113,No Defect
382617,TWLD23,E15002965,240,9/10/2022,7:36:26:109,5.5,72,23,0,40.9,8.051,No Defect
382617,TWLD23,E15002965,240,9/10/2022,7:36:26:699,3.31,72,23,0,40.9,11.732,No Defect
382617,TWLD23,E15002965,240,9/10/2022,7:36:27:203,0.85,72,23,0,41.6,0,No Defect
382617,TWLD23,E15002965,240,9/10/2022,7:36:27:817,-1.35,72,23,0,41.6,0,No Defect
382617,TWLD23,E15002965,240,9/10/2022,7:36:28:319,-1.05,72,23,0,41.6,0,No Defect
382617,TWLD23,E15002965,240,9/10/2022,7:36:28:904,2.07,72,23,0,39.8,0,No Defect
382617,TWLD23,E15002965,240,9/10/2022,7:36:29:420,-1.03,72,23,0,39.8,0,No Defect
382617,TWLD23,E15002965,240,9/10/2022,7:36:30:36,-0.28,72,23,0,37.3,0,No Defect
382617,TWLD23,E15002965,240,9/10/2022,7:36:30:615,1.31,72,23,0,37.3,0,No Defect
382617,TWLD23,E15002965,240,9/10/2022,7:36:31:107,2.76,72,23,0,37.6,0,No Defect
382617,TWLD23,E15002965,240,9/10/2022,7:36:31:708,2.37,72,23,0,37.6,0,No Defect
382617,TWLD23,E15002965,240,9/10/2022,7:36:32:206,2.38,72,23,0,37.1,0,No Defect
382617,TWLD23,E15002965,240,9/10/2022,7:36:32:843,1.62,72,23,0,37.1,0,No Defect
382617,TWLD23,E15002965,240,9/10/2022,7:36:33:343,-0.39,72,23,0,37.1,0,No Defect
382617,TWLD23,E15002965,240,9/10/2022,7:36:33:954,-0.8,72,23,0.08,37.1,0,No Defect
382617,TWLD23,E15002965,240,9/10/2022,7:36:34:458,-1.95,72,23,0.08,37.1,0,No Defect
382617,TWLD23,E15002965,240,9/10/2022,7:36:35:14,1.95,72,23,0,35.8,0,No Defect
382617,TWLD23,E15002965,240,9/10/2022,7:36:35:612,-1.02,72,23,0,35.8,0,No Defect
382617,TWLD23,E15002965,240,9/10/2022,7:36:36:110,-1.76,72,23,0,35.9,0,No Defect
382617,TWLD23,E15002965,240,9/10/2022,7:36:36:712,-1.32,72,23,0,35.9,0,No Defect
382617,TWLD23,E15002965,240,9/10/2022,7:36:37:220,0.4,72,23,0,35.4,0,No Defect
382617,TWLD23,E15002965,240,9/10/2022,7:36:37:807,-0.45,72,23,0,35.4,0,No Defect
382617,TWLD23,E15002965,240,9/10/2022,7:36:38:312,0.19,72,23,0.04,35.4,0,No Defect
382617,TWLD23,E15002965,240,9/10/2022,7:36:38:907,2.43,72,23,0,35.2,0,No Defect
382617,TWLD23,E15002965,240,9/10/2022,7:36:39:411,3.02,72,23,0,35.2,0,No Defect
382617,TWLD23,E15002965,240,9/10/2022,7:36:39:929,3.63,72,23,0,34.8,0,No Defect
382617,TWLD23,E15002965,240,9/10/2022,7:36:40:440,-1.22,72,23,0,34.8,0,No Defect
382617,TWLD23,E15002965,240,9/10/2022,7:36:41:16,1.61,72,23,0,34.8,0,No Defect
382617,TWLD23,E15002965,240,9/10/2022,7:36:41:618,1.52,72,23,0,34.8,0,No Defect
382617,TWLD23,E15002965,240,9/10/2022,7:36:42:126,-1.99,72,23,0,34.8,0,No Defect
382617,TWLD23,E15002965,240,9/10/2022,7:36:42:618,2.87,72,23,0,34.5,0,No Defect
382617,TWLD23,E15002965,240,9/10/2022,7:36:43:149,2.25,72,23,0,34.5,0,No Defect
382617,TWLD23,E15002965,240,9/10/2022,7:36:43:714,0.81,72,23,0,34.1,0,No Defect
382617,TWLD23,E15002965,240,9/10/2022,7:36:44:220,1.75,72,23,0,34.1,0,No Defect
382617,TWLD23,E15002965,240,9/10/2022,7:36:44:809,2.68,72,23,0,34.4,0,No Defect
382617,TWLD23,E15002965,240,9/10/2022,7:36:45:315,1.39,72,23,0,34.4,0,No Defect
382617,TWLD23,E15002965,240,9/10/2022,7:36:45:905,-0.17,72,23,0,34.4,0,No Defect
382617,TWLD23,E15002965,240,9/10/2022,7:36:46:412,2.1,72,23,0,33.6,0,No Defect
382617,TWLD23,E15002965,240,9/10/2022,7:36:46:911,-0.94,72,23,0.05,33.6,0,No Defect
382617,TWLD23,E15002965,240,9/10/2022,7:36:47:413,-1.93,72,23,0,34.5,0,No Defect
382617,TWLD23,E15002965,240,9/10/2022,7:36:48:11,3.79,72,23,0,34.5,0,No Defect
382617,TWLD23,E15002965,240,9/10/2022,7:36:48:615,1.04,72,23,0,33.5,0,No Defect
382617,TWLD23,E15002965,240,9/10/2022,7:36:49:120,0.41,72,23,0,33.5,0,No Defect
382617,TWLD23,E15002965,240,9/10/2022,7:36:49:728,1.32,72,23,0,33.3,0,No Defect
382617,TWLD23,E15002965,240,9/10/2022,7:36:50:228,-0.88,72,23,0,33.3,0,No Defect
382617,TWLD23,E15002965,240,9/10/2022,7:36:50:813,-1.12,72,23,0,33.3,0,No Defect
382617,TWLD23,E15002965,240,9/10/2022,7:36:51:317,0.28,72,23,0,32.2,0,No Defect
382617,TWLD23,E15002965,240,9/10/2022,7:36:51:911,20.29,72,23,0.05,32.2,0,No Defect
382617,TWLD23,E15002965,240,9/10/2022,7:36:52:423,5.89,72,23,0,408.2,11.721,No Defect
382617,TWLD23,E15002965,240,9/10/2022,7:36:53:44,15.68,72,23,0,408.2,10.859,No Defect
382617,TWLD23,E15002965,240,9/10/2022,7:36:53:716,19.31,72,23,0,31.6,9.395,No Defect
382617,TWLD23,E15002965,240,9/10/2022,7:36:54:115,25.24,72,23,0,31.6,9.062,No Defect
382617,TWLD23,E15002965,240,9/10/2022,7:36:54:710,25.11,72,23,0,31.6,8.921,No Defect
382617,TWLD23,E15002965,240,9/10/2022,7:36:55:207,24.95,72,23,0.03,32,8.874,No Defect
382617,TWLD23,E15002965,240,9/10/2022,7:36:55:713,25.53,72,23,0,32,8.753,No Defect
382617,TWLD23,E15002965,240,9/10/2022,7:36:56:214,21.04,72,23,0,32.4,8.74,No Defect
382617,TWLD23,E15002965,240,9/10/2022,7:36:56:714,-1.32,72,23,0.05,32.4,5.595,No Defect
382617,TWLD23,E15002965,240,9/10/2022,7:36:57:226,-1.99,72,23,0.07,32.3,0,No Defect
382617,TWLD23,E15002965,240,9/10/2022,7:36:57:811,4.37,72,23,0,32.3,1.777,No Defect
382617,TWLD23,E15002965,240,9/10/2022,7:36:58:310,18.16,72,23,0,32.3,10.183,Tungsten Inclusion
382617,TWLD23,E15002965,240,9/10/2022,7:36:58:814,25.02,72,23,0.07,28.2,8.982,Tungsten Inclusion
382617,TWLD23,E15002965,240,9/10/2022,7:36:59:316,27.56,72,23,0,28.2,8.935,No Defect
382617,TWLD23,E15002965,240,9/10/2022,7:36:59:936,28.41,72,23,0,31.9,8.869,No Defect
382617,TWLD23,E15002965,240,9/10/2022,7:37:0:436,28.76,72,23,0,31.9,8.771,No Defect
382617,TWLD23,E15002965,240,9/10/2022,7:37:1:54,29.84,72,23,0,31.8,8.743,No Defect
382617,TWLD23,E15002965,240,9/10/2022,7:37:1:625,29.97,72,23,0,31.8,8.883,No Defect
382617,TWLD23,E15002965,240,9/10/2022,7:37:2:122,27.91,72,23,0,31.8,8.754,No Defect
382617,TWLD23,E15002965,240,9/10/2022,7:37:2:741,27.4,72,23,0,32.1,8.989,No Defect
382617,TWLD23,E15002965,240,9/10/2022,7:37:3:247,19.33,72,23,0.02,32.1,8.245,No Defect
382617,TWLD23,E15002965,240,9/10/2022,7:37:3:829,1.02,72,23,0,31.4,4.556,No Defect
382617,TWLD23,E15002965,240,9/10/2022,7:37:4:352,1.3,72,23,0,31.4,0,No Defect
382617,TWLD23,E15002965,240,9/10/2022,7:37:4:921,0.56,72,23,0.05,31.5,0,No Defect
382617,TWLD23,E15002965,240,9/10/2022,7:37:5:433,1.66,72,23,0,31.5,0,No Defect
382617,TWLD23,E15002965,240,9/10/2022,7:37:6:15,1.78,72,23,0.05,31,-1.803,No Defect
382617,TWLD23,E15002965,240,9/10/2022,7:37:6:515,5.04,72,23,0,31,12.955,No Defect
382617,TWLD23,E15002965,240,9/10/2022,7:37:7:30,16.35,72,23,0.02,31,12.491,No Defect
382617,TWLD23,E15002965,240,9/10/2022,7:37:7:634,21.11,72,23,0,31,9.059,No Defect
382617,TWLD23,E15002965,240,9/10/2022,7:37:8:128,2.05,72,23,0,31,8.341,No Defect
382617,TWLD23,E15002965,240,9/10/2022,7:37:8:718,2.59,72,23,0,30.8,10.862,No Defect
382617,TWLD23,E15002965,240,9/10/2022,7:37:9:214,1.62,72,23,0,30.8,-2.548,No Defect
382617,TWLD23,E15002965,240,9/10/2022,7:37:9:741,-0.75,72,23,0,30.8,0,No Defect
382617,TWLD23,E15002965,240,9/10/2022,7:37:10:238,1.73,72,23,0.02,31.2,0,No Defect
382617,TWLD23,E15002965,240,9/10/2022,7:37:10:819,2.78,72,23,0,31.2,0,No Defect
382617,TWLD23,E15002965,240,9/10/2022,7:37:11:319,-1.89,72,23,0,31.5,0,No Defect
382617,TWLD23,E15002965,240,9/10/2022,7:37:11:929,0.15,72,23,0,31.5,0,No Defect
382617,TWLD23,E15002965,240,9/10/2022,7:37:12:427,0.6,72,23,0,31.1,0,No Defect
382617,TWLD23,E15002965,240,9/10/2022,7:37:13:54,-0.82,72,23,0,31.1,0,No Defect
382617,TWLD23,E15002965,240,9/10/2022,7:37:13:726,2.85,72,23,0,100.7,0,No Defect
382617,TWLD23,E15002965,240,9/10/2022,7:37:14:127,7.13,72,23,0,100.7,13.632,No Defect
382617,TWLD23,E15002965,240,9/10/2022,7:37:14:718,12.65,72,23,0,100.7,10.662,No Defect
382617,TWLD23,E15002965,240,9/10/2022,7:37:15:220,17.41,72,23,0.01,32.1,9.526,No Defect
382617,TWLD23,E15002965,240,9/10/2022,7:37:15:727,20.53,72,23,0.01,32.1,8.992,No Defect
382617,TWLD23,E15002965,240,9/10/2022,7:37:16:230,21.21,72,23,0.07,32.3,8.826,No Defect
382617,TWLD23,E15002965,240,9/10/2022,7:37:16:817,1.82,72,23,0,32.3,7.122,No Defect
382617,TWLD23,E15002965,240,9/10/2022,7:37:17:320,-1.97,72,23,0,32.3,0,No Defect
382617,TWLD23,E15002965,240,9/10/2022,7:37:17:820,-0.49,72,23,0.03,32.7,0,No Defect
382617,TWLD23,E15002965,240,9/10/2022,7:37:18:323,-0.04,72,23,0.03,32.7,0,No Defect
382617,TWLD23,E15002965,240,9/10/2022,7:37:18:920,9.23,72,23,0,32.9,8.012,No Defect
382617,TWLD23,E15002965,240,9/10/2022,7:37:19:419,17.96,72,23,0,32.9,10.529,No Defect
382617,TWLD23,E15002965,240,9/10/2022,7:37:19:957,23.38,72,23,0,32.9,9.274,No Defect
382617,TWLD23,E15002965,240,9/10/2022,7:37:20:453,23.76,72,23,0.02,32.9,8.566,No Defect
382617,TWLD23,E15002965,240,9/10/2022,7:37:21:37,-0.88,72,23,0,34.1,9.738,No Defect
382617,TWLD23,E15002965,240,9/10/2022,7:37:21:534,2.37,72,23,0,34.1,-2.525,No Defect
382617,TWLD23,E15002965,240,9/10/2022,7:37:22:50,3,72,23,0,34.1,0,No Defect
382617,TWLD23,E15002965,240,9/10/2022,7:37:22:640,1.65,72,23,0,34.9,0,No Defect
382617,TWLD23,E15002965,240,9/10/2022,7:37:23:148,-1.61,72,23,0,34.9,0,No Defect
382617,TWLD23,E15002965,240,9/10/2022,7:37:23:736,1.52,72,23,0,32.1,0,No Defect
382617,TWLD23,E15002965,240,9/10/2022,7:37:24:243,6.11,72,23,0,32.1,11.371,No Defect
382617,TWLD23,E15002965,240,9/10/2022,7:37:24:847,13.76,72,23,0,32.5,13.583,No Defect
382617,TWLD23,E15002965,240,9/10/2022,7:37:25:350,19.97,72,23,0,32.5,10.519,No Defect
382617,TWLD23,E15002965,240,9/10/2022,7:37:25:936,23.6,72,23,0,32.5,9.308,No Defect
382617,TWLD23,E15002965,240,9/10/2022,7:37:26:442,24.53,72,23,0,32.5,8.844,No Defect
382617,TWLD23,E15002965,240,9/10/2022,7:37:27:40,26.09,72,23,0,32.5,8.681,No Defect
382617,TWLD23,E15002965,240,9/10/2022,7:37:27:638,19.67,72,23,0,32.9,8.563,No Defect
382617,TWLD23,E15002965,240,9/10/2022,7:37:28:131,-0.39,72,23,0,32.9,11.917,No Defect
382617,TWLD23,E15002965,240,9/10/2022,7:37:28:644,-1.52,72,23,0.01,33.1,-2.521,No Defect
382617,TWLD23,E15002965,240,9/10/2022,7:37:29:137,1.53,72,23,0,33.1,0,No Defect
382617,TWLD23,E15002965,240,9/10/2022,7:37:29:750,2.74,72,23,0,33.1,0,No Defect
382617,TWLD23,E15002965,240,9/10/2022,7:37:30:241,-1.33,72,23,0,32.9,0,No Defect
382617,TWLD23,E15002965,240,9/10/2022,7:37:30:836,12.62,72,23,0.1,32.9,11.698,No Defect
382617,TWLD23,E15002965,240,9/10/2022,7:37:31:343,17.78,72,23,0,27.2,9.752,No Defect
382617,TWLD23,E15002965,240,9/10/2022,7:37:31:841,22.32,72,23,0,27.2,8.955,No Defect
382617,TWLD23,E15002965,240,9/10/2022,7:37:32:346,22.43,72,23,0,27.2,8.8,No Defect
382617,TWLD23,E15002965,240,9/10/2022,7:37:32:948,3.23,72,23,0,32.3,8.709,No Defect
382617,TWLD23,E15002965,240,9/10/2022,7:37:33:449,-0.05,72,23,0.01,32.3,6.815,No Defect
382617,TWLD23,E15002965,240,9/10/2022,7:37:34:58,2.83,72,23,0,33.6,0,No Defect
382617,TWLD23,E15002965,240,9/10/2022,7:37:34:666,2.15,72,23,0,33.6,0,No Defect
382617,TWLD23,E15002965,240,9/10/2022,7:37:35:177,1.05,72,23,0,31.9,0,No Defect
382617,TWLD23,E15002965,240,9/10/2022,7:37:35:748,1.38,72,23,0,31.9,0,No Defect
382617,TWLD23,E15002965,240,9/10/2022,7:37:36:248,2.44,72,23,0,31.4,0,No Defect
382617,TWLD23,E15002965,240,9/10/2022,7:37:36:756,1.5,72,23,0.02,31.4,0,No Defect
382617,TWLD23,E15002965,240,9/10/2022,7:37:37:270,-0.1,72,23,0.06,31.4,0,No Defect
382617,TWLD23,E15002965,240,9/10/2022,7:37:37:850,3.14,72,23,0,31,0,No Defect
382617,TWLD23,E15002965,240,9/10/2022,7:37:38:352,2.06,72,23,0,31,0,No Defect
382617,TWLD23,E15002965,240,9/10/2022,7:37:38:854,2.2,72,23,0,30.9,0,No Defect
382617,TWLD23,E15002965,240,9/10/2022,7:37:39:354,1,72,23,0,30.9,0,No Defect
382617,TWLD23,E15002965,240,9/10/2022,7:37:39:950,1,72,23,0.05,30.9,0,No Defect
382617,TWLD23,E15002965,240,9/10/2022,7:37:40:447,-1.25,72,23,0.02,30.5,0,No Defect
382617,TWLD23,E15002965,240,9/10/2022,7:37:40:966,0.15,72,23,0.02,30.5,0,No Defect
382617,TWLD23,E15002965,240,9/10/2022,7:37:41:468,1.74,72,23,0,31,0,No Defect
382617,TWLD23,E15002965,240,9/10/2022,7:37:41:994,0.53,72,23,0,31,0,No Defect
382617,TWLD23,E15002965,240,9/10/2022,7:37:42:495,-0.72,72,23,0,31,0,No Defect
382617,TWLD23,E15002965,240,9/10/2022,7:37:43:77,1.86,72,23,0,31,0,No Defect
382617,TWLD23,E15002965,240,9/10/2022,7:37:43:669,1.82,72,23,0,31,0,No Defect
382617,TWLD23,E15002965,240,9/10/2022,7:37:44:175,2.25,72,23,0,30.5,0,No Defect
382617,TWLD23,E15002965,240,9/10/2022,7:37:44:772,-1.08,72,23,0,30.5,0,No Defect
382617,TWLD23,E15002965,240,9/10/2022,7:37:45:270,-0.95,72,23,0.05,30.2,0,No Defect
382617,TWLD23,E15002965,240,9/10/2022,7:37:45:880,3.28,72,23,0,30.2,0,No Defect
382617,TWLD23,E15002965,240,9/10/2022,7:37:46:380,2.22,72,23,0,203.2,12.402,No Defect
382617,TWLD23,E15002965,240,9/10/2022,7:37:46:968,5.93,72,23,0,203.2,13.309,No Defect
382617,TWLD23,E15002965,240,9/10/2022,7:37:47:476,17.43,72,23,0,30.2,11.057,No Defect
382617,TWLD23,E15002965,240,9/10/2022,7:37:48:71,23.2,72,23,0,30.2,8.869,No Defect
382617,TWLD23,E15002965,240,9/10/2022,7:37:48:567,26.16,72,23,0,30.2,8.84,No Defect
382617,TWLD23,E15002965,240,9/10/2022,7:37:49:78,26.82,72,23,0,29.9,8.58,No Defect
382617,TWLD23,E15002965,240,9/10/2022,7:37:49:774,28.11,72,23,0,29.9,8.494,No Defect
382617,TWLD23,E15002965,240,9/10/2022,7:37:50:177,30.6,72,23,0,29.6,8.573,No Defect
382617,TWLD23,E15002965,240,9/10/2022,7:37:50:778,18.64,72,23,0.04,29.6,8.465,No Defect
382617,TWLD23,E15002965,240,9/10/2022,7:37:51:281,1.32,72,23,0,30.3,9.832,No Defect
382617,TWLD23,E15002965,240,9/10/2022,7:37:51:879,1.14,72,23,0.08,30.3,0,No Defect
382617,TWLD23,E15002965,240,9/10/2022,7:37:52:381,15.77,72,23,0,30.3,0,No Defect
382617,TWLD23,E15002965,240,9/10/2022,7:37:52:980,18.47,72,23,0,30.5,7.224,No Defect
382617,TWLD23,E15002965,240,9/10/2022,7:37:53:483,27.88,72,23,0.05,30.5,8.636,No Defect
382617,TWLD23,E15002965,240,9/10/2022,7:37:54:89,31.01,72,23,0,30.5,8.673,No Defect
382617,TWLD23,E15002965,240,9/10/2022,7:37:55:52,31.43,72,23,0,30.5,3.373,Tungsten Inclusion72
382617,TWLD23,E15002965,240,9/10/2022,7:37:55:572,-0.84,72,23,0,31.8,-0.709,No Defect
382617,TWLD23,E15002965,240,9/10/2022,7:37:56:161,2.08,72,23,0,31.8,0,No Defect
382617,TWLD23,E15002965,240,9/10/2022,7:37:56:719,6.13,72,23,0,48.7,0,No Defect
382617,TWLD23,E15002965,240,9/10/2022,7:37:57:216,25.71,72,23,0,48.7,9.273,No Defect
382617,TWLD23,E15002965,240,9/10/2022,7:37:57:802,32.51,72,23,0,31.9,9.018,No Defect
382617,TWLD23,E15002965,240,9/10/2022,7:37:58:304,34.88,72,23,0,31.9,8.862,No Defect
382617,TWLD23,E15002965,240,9/10/2022,7:37:58:899,33.43,72,23,0,32.2,8.806,No Defect
382617,TWLD23,E15002965,240,9/10/2022,7:37:59:403,34.67,72,23,0,32.2,8.49,No Defect
382617,TWLD23,E15002965,240,9/10/2022,7:37:59:915,33.97,72,23,0,32.2,8.463,No Defect
382617,TWLD23,E15002965,240,9/10/2022,7:38:0:436,35.35,72,23,0,32.9,8.531,No Defect
382617,TWLD23,E15002965,240,9/10/2022,7:38:1:14,34.22,72,23,0.04,32.9,8.472,No Defect
382617,TWLD23,E15002965,240,9/10/2022,7:38:1:516,34.43,72,23,0,33.4,8.505,No Defect
382617,TWLD23,E15002965,240,9/10/2022,7:38:2:115,11.38,72,23,0,33.4,8.477,No Defect
382617,TWLD23,E15002965,240,9/10/2022,7:38:2:827,1.06,72,23,0,34.7,7.075,No Defect
382617,TWLD23,E15002965,240,9/10/2022,7:38:3:228,-1.38,72,23,0,34.7,0,No Defect
382617,TWLD23,E15002965,240,9/10/2022,7:38:3:819,2.45,72,23,0.01,34.9,0,No Defect
382617,TWLD23,E15002965,240,9/10/2022,7:38:4:325,2.28,72,23,0.06,34.9,0,No Defect
382617,TWLD23,E15002965,240,9/10/2022,7:38:4:919,0.02,72,23,0.05,34.9,0,No Defect
382617,TWLD23,E15002965,240,9/10/2022,7:38:5:419,2.57,72,23,0.03,36.1,0,No Defect
382617,TWLD23,E15002965,240,9/10/2022,7:38:6:16,-0.77,72,23,0,36.1,0,No Defect
382617,TWLD23,E15002965,240,9/10/2022,7:38:6:517,0.25,72,23,0,34,0,No Defect
382617,TWLD23,E15002965,240,9/10/2022,7:38:7:118,3.47,72,23,0,34,0,No Defect
382617,TWLD23,E15002965,240,9/10/2022,7:38:7:723,-1.92,72,23,0,33.3,0,No Defect
382617,TWLD23,E15002965,240,9/10/2022,7:38:8:217,-0.29,72,23,0,33.3,0,No Defect
382617,TWLD23,E15002965,240,9/10/2022,7:38:8:727,0.87,72,23,0,33.3,0,No Defect
382617,TWLD23,E15002965,240,9/10/2022,7:38:9:218,-0.88,72,23,0,33,0,No Defect
382617,TWLD23,E15002965,240,9/10/2022,7:38:9:833,-0.45,72,23,0,33,0,No Defect
382617,TWLD23,E15002965,240,9/10/2022,7:38:10:328,1.09,72,23,0,34.1,0,No Defect
382617,TWLD23,E15002965,240,9/10/2022,7:38:10:934,0.45,72,23,0,34.1,0,No Defect
382617,TWLD23,E15002965,240,9/10/2022,7:38:11:435,3.08,72,23,0.03,33,0,No Defect
382617,TWLD23,E15002965,240,9/10/2022,7:38:12:34,-0.14,72,23,0,33,0,No Defect
382617,TWLD23,E15002965,240,9/10/2022,7:38:12:536,-1.63,72,23,0,33,0,No Defect
382617,TWLD23,E15002965,240,9/10/2022,7:38:13:163,1.9,72,23,0,33.1,0,No Defect
382617,TWLD23,E15002965,240,9/10/2022,7:38:13:843,-1.07,72,23,0,33.1,0,No Defect
382617,TWLD23,E15002965,240,9/10/2022,7:38:14:248,0.3,72,23,0,33.3,0,No Defect
382617,TWLD23,E15002965,240,9/10/2022,7:38:14:835,1.42,72,23,0,33.3,0,No Defect
382617,TWLD23,E15002965,240,9/10/2022,7:38:15:334,1.56,72,23,0,29.5,0,No Defect
382617,TWLD23,E15002965,240,9/10/2022,7:38:15:932,2.74,72,23,0,29.5,0,No Defect
382617,TWLD23,E15002965,240,9/10/2022,7:38:16:436,0.73,72,23,0,30.8,0,No Defect
382617,TWLD23,E15002965,240,9/10/2022,7:38:16:947,1.18,72,23,0,30.8,0,No Defect
382617,TWLD23,E15002965,240,9/10/2022,7:38:17:447,-1.35,72,23,0,30.8,0,No Defect
382617,TWLD23,E15002965,240,9/10/2022,7:38:18:38,1.38,72,23,0.02,29.8,0,No Defect
382617,TWLD23,E15002965,240,9/10/2022,7:38:18:537,1.8,72,23,0,29.8,0,No Defect
382617,TWLD23,E15002965,240,9/10/2022,7:38:19:38,0.84,72,23,0,30.2,0,No Defect
382617,TWLD23,E15002965,240,9/10/2022,7:38:19:540,-1.72,72,23,0,30.2,0,No Defect
382617,TWLD23,E15002965,240,9/10/2022,7:38:20:148,-1.24,72,23,0,30.2,0,No Defect
382617,TWLD23,E15002965,240,9/10/2022,7:38:20:745,0.38,72,23,0,29.2,0,No Defect
382617,TWLD23,E15002965,240,9/10/2022,7:38:21:239,-0.94,72,23,0,29.2,0,No Defect
382617,TWLD23,E15002965,240,9/10/2022,7:38:21:849,0.1,72,23,0,30.7,0,No Defect
382617,TWLD23,E15002965,240,9/10/2022,7:38:22:349,1.32,72,23,0,30.7,0,No Defect
382617,TWLD23,E15002965,240,9/10/2022,7:38:22:947,-0.51,72,23,0,30.3,0,No Defect
382617,TWLD23,E15002965,240,9/10/2022,7:38:23:449,2.72,72,23,0,30.3,0,No Defect
382617,TWLD23,E15002965,240,9/10/2022,7:38:24:40,-1.29,72,23,0,30.1,0,No Defect
382617,TWLD23,E15002965,240,9/10/2022,7:38:24:543,-0.92,72,23,0,30.1,0,No Defect
382617,TWLD23,E15002965,240,9/10/2022,7:38:25:141,-0.69,72,23,0.02,30.1,0,No Defect
382617,TWLD23,E15002965,240,9/10/2022,7:38:25:647,2.48,72,23,0,29.4,0,No Defect
382617,TWLD23,E15002965,240,9/10/2022,7:38:26:155,1.59,72,23,0,29.4,0,No Defect
382617,TWLD23,E15002965,240,9/10/2022,7:38:26:755,-1.24,72,23,0,28.9,0,No Defect
382617,TWLD23,E15002965,240,9/10/2022,7:38:27:252,-0.54,72,23,0,28.9,0,No Defect
382617,TWLD23,E15002965,240,9/10/2022,7:38:27:853,1.78,72,23,0,29.1,0,No Defect
382617,TWLD23,E15002965,240,9/10/2022,7:38:28:349,-1.4,72,23,0,29.1,0,No Defect
382617,TWLD23,E15002965,240,9/10/2022,7:38:28:950,1.55,72,23,0,29.1,0,No Defect
382617,TWLD23,E15002965,240,9/10/2022,7:38:29:451,-1.29,72,23,0,29.6,0,No Defect
382617,TWLD23,E15002965,240,9/10/2022,7:38:29:971,-0.3,72,23,0,29.6,0,No Defect
382617,TWLD23,E15002965,240,9/10/2022,7:38:30:469,-0.05,72,23,0.01,29.6,0,No Defect
382617,TWLD23,E15002965,240,9/10/2022,7:38:31:67,3.73,72,23,0.01,29.6,16.721,No Defect
382617,TWLD23,E15002965,240,9/10/2022,7:38:31:564,-1.29,72,23,0.01,0,16.84,No Defect
382617,TWLD23,E15002965,240,9/10/2022,7:38:32:149,-0.94,72,23,0.01,0,16.833,No Defect72
382617,TWLD23,E15002965,240,9/10/2022,7:38:32:650,-1.48,72,23,0.01,0,16.843,No Defect
382617,TWLD23,E15002965,240,9/10/2022,7:38:33:156,1.78,72,23,0.01,26.9,-2.467,No Defect
382617,TWLD23,E15002965,240,9/10/2022,7:38:33:863,-0.84,72,23,0.01,26.9,0,No Defect
382617,TWLD23,E15002965,240,9/10/2022,7:38:34:263,-1.03,72,23,0,28.6,0,No Defect
382617,TWLD23,E15002965,240,9/10/2022,7:38:34:856,-0.57,72,23,0,28.6,0,No Defect
382617,TWLD23,E15002965,240,9/10/2022,7:38:35:354,0.78,72,23,0,28.6,0,No Defect
382617,TWLD23,E15002965,240,9/10/2022,7:38:35:860,0.52,72,23,0,28.3,16.728,No Defect
382617,TWLD23,E15002965,240,9/10/2022,7:38:36:362,2.31,72,23,0,28.3,16.728,No Defect
382617,TWLD23,E15002965,240,9/10/2022,7:38:36:956,-0.44,72,23,0,3276.7,16.838,No Defect
382617,TWLD23,E15002965,240,9/10/2022,7:38:37:460,2.5,72,23,0,3276.7,0,No Defect
382617,TWLD23,E15002965,240,9/10/2022,7:38:38:55,1.92,72,23,0,28.3,0,No Defect
382617,TWLD23,E15002965,240,9/10/2022,7:38:38:556,13.8,72,23,0.07,28.3,0,No Defect
382617,TWLD23,E15002965,240,9/10/2022,7:38:39:60,14.05,72,23,0,28,10.82,No Defect
382617,TWLD23,E15002965,240,9/10/2022,7:38:39:557,18.67,72,23,0,28,10.82,No Defect
382617,TWLD23,E15002965,240,9/10/2022,7:38:40:84,22.16,72,23,0,28,9.443,No Defect
382617,TWLD23,E15002965,240,9/10/2022,7:38:40:590,22.02,72,23,0,28,9.169,No Defect
382617,TWLD23,E15002965,240,9/10/2022,7:38:41:168,23.58,72,23,0,28,8.972,No Defect
382617,TWLD23,E15002965,240,9/10/2022,7:38:41:769,4.45,72,23,0,28,8.896,No Defect
382617,TWLD23,E15002965,240,9/10/2022,7:38:42:267,-0.07,72,23,0.01,28,11.251,No Defect
382617,TWLD23,E15002965,240,9/10/2022,7:38:42:903,0.49,72,23,0,28.5,0,No Defect
382617,TWLD23,E15002965,240,9/10/2022,7:38:43:393,-0.95,72,23,0,28.5,0,No Defect
382617,TWLD23,E15002965,240,9/10/2022,7:38:43:973,-1.52,72,23,0,28.5,0,No Defect
382617,TWLD23,E15002965,240,9/10/2022,7:38:44:471,9.49,72,23,0,28.9,-0.597,No Defect
382617,TWLD23,E15002965,240,9/10/2022,7:38:45:73,18.43,72,23,0.02,28.9,10.372,No Defect
382617,TWLD23,E15002965,240,9/10/2022,7:38:45:572,21.72,72,23,0,28.9,9.573,No Defect
382617,TWLD23,E15002965,240,9/10/2022,7:38:46:177,23.44,72,23,0.03,28.9,9.249,No Defect
382617,TWLD23,E15002965,240,9/10/2022,7:38:46:774,25.13,72,23,0,28.1,8.959,No Defect
382617,TWLD23,E15002965,240,9/10/2022,7:38:47:272,2.18,72,23,0,28.1,8.64,No Defect
382617,TWLD23,E15002965,240,9/10/2022,7:38:47:866,-0.45,72,23,0,28.4,0,No Defect
382617,TWLD23,E15002965,240,9/10/2022,7:38:48:371,-0.35,72,23,0,28.4,0,No Defect
382617,TWLD23,E15002965,240,9/10/2022,7:38:48:978,1.61,72,23,0,28.4,0,No Defect
382617,TWLD23,E15002965,240,9/10/2022,7:38:49:479,3.7,72,23,0.07,28.4,0,No Defect
382617,TWLD23,E15002965,240,9/10/2022,7:38:50:102,-1.46,72,23,0,28.4,0,No Defect
382617,TWLD23,E15002965,240,9/10/2022,7:38:50:607,2.4,72,23,0,28.9,0,No Defect
382617,TWLD23,E15002965,240,9/10/2022,7:38:51:194,2.66,72,23,0.06,28.9,0,No Defect
382617,TWLD23,E15002965,240,9/10/2022,7:38:51:798,0.6,72,23,0,29.5,0,No Defect
382617,TWLD23,E15002965,240,9/10/2022,7:38:52:281,1.4,72,23,0,29.5,0,No Defect
382617,TWLD23,E15002965,240,9/10/2022,7:38:52:887,3.94,72,23,0,28.3,0,No Defect
382617,TWLD23,E15002965,240,9/10/2022,7:38:53:384,7.07,72,23,0,28.3,10.598,No Defect
382617,TWLD23,E15002965,240,9/10/2022,7:38:53:979,12.27,72,23,0,28.3,11.518,No Defect
382617,TWLD23,E15002965,240,9/10/2022,7:38:54:489,15.71,72,23,0.01,28.3,10.505,No Defect
382617,TWLD23,E15002965,240,9/10/2022,7:38:55:79,17.25,72,23,0,28.3,9.653,No Defect
382617,TWLD23,E15002965,240,9/10/2022,7:38:55:579,19.71,72,23,0,28.2,9.388,No Defect
382617,TWLD23,E15002965,240,9/10/2022,7:38:56:174,18.86,72,23,0,28.2,9.067,No Defect
382617,TWLD23,E15002965,240,9/10/2022,7:38:56:788,8.27,72,23,0,28.5,8.947,No Defect
382617,TWLD23,E15002965,240,9/10/2022,7:38:57:278,-0.77,72,23,0,28.5,-2.002,No Defect
382617,TWLD23,E15002965,240,9/10/2022,7:38:57:876,-0.29,72,23,0,28.6,0,No Defect
382617,TWLD23,E15002965,240,9/10/2022,7:38:58:377,-0.42,72,23,0.02,28.6,0,No Defect
382617,TWLD23,E15002965,240,9/10/2022,7:38:58:881,5.63,72,23,0,28.6,12.599,No Defect
382617,TWLD23,E15002965,240,9/10/2022,7:38:59:411,14.83,72,23,0,101,12.599,No Defect
382617,TWLD23,E15002965,240,9/10/2022,7:38:59:986,20.34,72,23,0,101,9.495,No Defect
382617,TWLD23,E15002965,240,9/10/2022,7:39:0:486,22.67,72,23,0,28.7,9.058,No Defect
382617,TWLD23,E15002965,240,9/10/2022,7:39:1:90,23.73,72,23,0.03,28.7,8.889,No Defect
382617,TWLD23,E15002965,240,9/10/2022,7:39:1:590,5.14,72,23,0,28.7,8.899,No Defect
382617,TWLD23,E15002965,240,9/10/2022,7:39:2:188,0.75,72,23,0,28.5,0.499,No Defect
382617,TWLD23,E15002965,240,9/10/2022,7:39:2:889,2.7,72,23,0,28.5,0,No Defect
382617,TWLD23,E15002965,240,9/10/2022,7:39:3:316,0.91,72,23,0,29.6,0,No Defect
382617,TWLD23,E15002965,240,9/10/2022,7:39:3:897,2.14,72,23,0,29.6,0,No Defect
382617,TWLD23,E15002965,240,9/10/2022,7:39:4:399,0.8,72,23,0,30.1,0,No Defect
382617,TWLD23,E15002965,240,9/10/2022,7:39:4:996,1.85,72,23,0,30.1,0,No Defect
382617,TWLD23,E15002965,240,9/10/2022,7:39:5:499,1.45,72,23,0,30.2,0,No Defect
382617,TWLD23,E15002965,240,9/10/2022,7:39:6:91,-1.49,72,23,0,30.2,0,No Defect
382617,TWLD23,E15002965,240,9/10/2022,7:39:6:599,2.48,72,23,0,30.2,0,No Defect
382617,TWLD23,E15002965,240,9/10/2022,7:39:7:178,2.33,72,23,0,29.4,0,No Defect
382617,TWLD23,E15002965,240,9/10/2022,7:39:7:689,3.44,72,23,0,29.4,0,No Defect
382617,TWLD23,E15002965,240,9/10/2022,7:39:8:191,2.05,72,23,0,29.3,0,No Defect
382617,TWLD23,E15002965,240,9/10/2022,7:39:8:815,-0.15,72,23,0,29.3,0,No Defect
382617,TWLD23,E15002965,240,9/10/2022,7:39:9:312,1.64,72,23,0,29.8,0,No Defect
382617,TWLD23,E15002965,240,9/10/2022,7:39:9:935,2.03,72,23,0,29.8,0,No Defect
382617,TWLD23,E15002965,240,9/10/2022,7:39:10:437,0.01,72,23,0,29.8,0,No Defect
382617,TWLD23,E15002965,240,9/10/2022,7:39:10:993,-1.22,72,23,0,29.6,0,No Defect
382617,TWLD23,E15002965,240,9/10/2022,7:39:11:494,1.82,72,23,0,29.6,0,No Defect
382617,TWLD23,E15002965,240,9/10/2022,7:39:12:96,-0.82,72,23,0,29.2,0,No Defect
382617,TWLD23,E15002965,240,9/10/2022,7:39:12:601,-1.55,72,23,0,29.2,0,No Defect
382617,TWLD23,E15002965,240,9/10/2022,7:39:13:205,2.5,72,23,0,29,0,No Defect
382617,TWLD23,E15002965,240,9/10/2022,7:39:13:905,3.47,72,23,0,29,0,No Defect
382617,TWLD23,E15002965,240,9/10/2022,7:39:14:309,-1.18,72,23,0.07,29.6,0,No Defect
382617,TWLD23,E15002965,240,9/10/2022,7:39:14:899,-0.88,72,23,0,29.6,0,No Defect
382617,TWLD23,E15002965,240,9/10/2022,7:39:15:399,1.82,72,23,0,29.6,0,No Defect
382617,TWLD23,E15002965,240,9/10/2022,7:39:15:997,2.16,72,23,0,29.1,0,No Defect
382617,TWLD23,E15002965,240,9/10/2022,7:39:16:498,3.3,72,23,0.01,29.1,0,No Defect
382617,TWLD23,E15002965,240,9/10/2022,7:39:17:94,-0.5,72,23,0,29.1,0,No Defect
382617,TWLD23,E15002965,240,9/10/2022,7:39:17:603,0.63,72,23,0,29.1,0,No Defect
382617,TWLD23,E15002965,240,9/10/2022,7:39:18:200,0.51,72,23,0,29.6,0,No Defect
382617,TWLD23,E15002965,240,9/10/2022,7:39:18:811,0.81,72,23,0.09,29.6,0,No Defect
382617,TWLD23,E15002965,240,9/10/2022,7:39:19:305,0.94,72,23,0,31.3,0,No Defect
382617,TWLD23,E15002965,240,9/10/2022,7:39:19:911,1.16,72,23,0,31.3,0,No Defect
382617,TWLD23,E15002965,240,9/10/2022,7:39:20:407,-0.26,72,23,0,31.3,0,No Defect
382617,TWLD23,E15002965,240,9/10/2022,7:39:21:9,2.25,72,23,0,30.4,0,No Defect
382617,TWLD23,E15002965,240,9/10/2022,7:39:21:528,-2,72,23,0.03,30.4,0,No Defect
382617,TWLD23,E15002965,240,9/10/2022,7:39:22:103,0.6,72,23,0,30.3,0,No Defect
382617,TWLD23,E15002965,240,9/10/2022,7:39:22:603,0.3,72,23,0,30.3,0,No Defect
382617,TWLD23,E15002965,240,9/10/2022,7:39:23:207,0.24,72,23,0,29.9,0,No Defect
382617,TWLD23,E15002965,240,9/10/2022,7:39:23:809,0.92,72,23,0,29.9,0,No Defect
382617,TWLD23,E15002965,240,9/10/2022,7:39:24:301,-1.91,72,23,0,29.7,0,No Defect
382617,TWLD23,E15002965,240,9/10/2022,7:39:24:822,1.3,72,23,0,29.7,0,No Defect
382617,TWLD23,E15002965,240,9/10/2022,7:39:25:315,2.35,72,23,0,29.7,0,No Defect
382617,TWLD23,E15002965,240,9/10/2022,7:39:25:910,1.57,72,23,0.01,29.7,0,No Defect
382617,TWLD23,E15002965,240,9/10/2022,7:39:26:412,1.73,72,23,0.05,29.7,0,No Defect
382617,TWLD23,E15002965,240,9/10/2022,7:39:26:922,0.52,72,23,0.05,30.3,0,No Defect
382617,TWLD23,E15002965,240,9/10/2022,7:39:27:424,0.55,72,23,0,30.3,0,No Defect
382617,TWLD23,E15002965,240,9/10/2022,7:39:28:20,-1.28,72,23,0,30.3,0,No Defect
382617,TWLD23,E15002965,240,9/10/2022,7:39:28:523,1.18,72,23,0,30.6,0,No Defect
382617,TWLD23,E15002965,240,9/10/2022,7:39:29:113,1.24,72,23,0,30.6,0,No Defect
382617,TWLD23,E15002965,240,9/10/2022,7:39:29:616,1.42,72,23,0,30,0,No Defect
382617,TWLD23,E15002965,240,9/10/2022,7:39:30:228,1.56,72,23,0,30,0,No Defect
382617,TWLD23,E15002965,240,9/10/2022,7:39:30:820,1.98,72,23,0,30.4,0,No Defect
382617,TWLD23,E15002965,240,9/10/2022,7:39:31:316,-0.49,72,23,0,30.4,0,No Defect
382617,TWLD23,E15002965,240,9/10/2022,7:39:31:825,0.07,72,23,0,30.4,0,No Defect
382617,TWLD23,E15002965,240,9/10/2022,7:39:32:320,3.35,72,23,0.03,30.5,0,No Defect
382617,TWLD23,E15002965,240,9/10/2022,7:39:32:926,-1.22,72,23,0,30.5,0,No Defect
382617,TWLD23,E15002965,240,9/10/2022,7:39:33:422,2.16,72,23,0,29.8,0,No Defect
382617,TWLD23,E15002965,240,9/10/2022,7:39:34:34,3.02,72,23,0.05,29.8,0,No Defect
382617,TWLD23,E15002965,240,9/10/2022,7:39:34:539,1.2,72,23,0,30.1,0,No Defect
382617,TWLD23,E15002965,240,9/10/2022,7:39:35:119,1.58,72,23,0,30.1,0,No Defect
382617,TWLD23,E15002965,240,9/10/2022,7:39:35:624,0.24,72,23,0.01,30.1,0,No Defect
382617,TWLD23,E15002965,240,9/10/2022,7:39:36:227,2.21,72,23,0,30.2,0,No Defect
382617,TWLD23,E15002965,240,9/10/2022,7:39:36:819,2.55,72,23,0,30.2,0,No Defect
382617,TWLD23,E15002965,240,9/10/2022,7:39:37:318,1.46,72,23,0.04,30.2,0,No Defect
382617,TWLD23,E15002965,240,9/10/2022,7:39:37:911,0.72,72,23,0,30.2,0,No Defect
382617,TWLD23,E15002965,240,9/10/2022,7:39:38:413,-1.05,72,23,0,29.9,0,No Defect
382617,TWLD23,E15002965,240,9/10/2022,7:39:38:919,1.23,72,23,0,29.9,0,No Defect
382617,TWLD23,E15002965,240,9/10/2022,7:39:39:420,2.18,72,23,0,30,0,No Defect
382617,TWLD23,E15002965,240,9/10/2022,7:39:40:27,-0.85,72,23,0,30,0,No Defect
382617,TWLD23,E15002965,240,9/10/2022,7:39:40:529,0.66,72,23,0.02,30,0,No Defect
382617,TWLD23,E15002965,240,9/10/2022,7:39:41:116,1.38,72,23,0.01,30.2,0,No Defect
382617,TWLD23,E15002965,240,9/10/2022,7:39:41:614,2.33,72,23,0,30.2,0,No Defect
382617,TWLD23,E15002965,240,9/10/2022,7:39:42:125,3.45,72,23,0.01,30.5,0,No Defect
382617,TWLD23,E15002965,240,9/10/2022,7:39:42:634,0.74,72,23,0.01,30.5,0,No Defect
382617,TWLD23,E15002965,240,9/10/2022,7:39:43:223,0.77,72,23,0.05,31.1,0,No Defect
382617,TWLD23,E15002965,240,9/10/2022,7:39:43:834,-0.3,72,23,0,31.1,0,No Defect
382617,TWLD23,E15002965,240,9/10/2022,7:39:44:242,2.63,72,23,0,31.1,0,No Defect
382617,TWLD23,E15002965,240,9/10/2022,7:39:44:844,-1.24,72,23,0,31.4,0,No Defect
382617,TWLD23,E15002965,240,9/10/2022,7:39:45:338,0.89,72,23,0,31.4,0,No Defect
382617,TWLD23,E15002965,240,9/10/2022,7:39:45:929,-1.25,72,23,0,30,0,No Defect
382617,TWLD23,E15002965,240,9/10/2022,7:39:46:432,2.36,72,23,0.02,30,0,No Defect
382617,TWLD23,E15002965,240,9/10/2022,7:39:47:37,-0.28,72,23,0,29.5,0,No Defect
382617,TWLD23,E15002965,240,9/10/2022,7:39:47:551,2.2,72,23,0,29.5,0,No Defect
382617,TWLD23,E15002965,240,9/10/2022,7:39:48:137,2.16,72,23,0,30.2,0,No Defect
382617,TWLD23,E15002965,240,9/10/2022,7:39:48:637,2.93,72,23,0,30.2,0,No Defect
382617,TWLD23,E15002965,240,9/10/2022,7:39:49:230,0.83,72,23,0,30.2,0,No Defect
382617,TWLD23,E15002965,240,9/10/2022,7:39:49:729,1.75,72,23,0,30.2,0,No Defect
382617,TWLD23,E15002965,240,9/10/2022,7:39:50:256,-1.49,72,23,0,30.2,0,No Defect
382617,TWLD23,E15002965,240,9/10/2022,7:39:50:839,1.4,72,23,0,30.6,0,No Defect
382617,TWLD23,E15002965,240,9/10/2022,7:39:51:336,-0.71,72,23,0,30.6,0,No Defect
382617,TWLD23,E15002965,240,9/10/2022,7:39:51:949,1.63,72,23,0.05,30.2,0,No Defect
382617,TWLD23,E15002965,240,9/10/2022,7:39:52:525,-1.56,72,23,0,30.2,0,No Defect
382617,TWLD23,E15002965,240,9/10/2022,7:39:53:218,1.39,72,23,0,30.2,0,No Defect
382617,TWLD23,E15002965,240,9/10/2022,7:39:53:722,2.93,72,23,0,30.1,0,No Defect
382617,TWLD23,E15002965,240,9/10/2022,7:39:54:264,-0.49,72,23,0,30.1,0,No Defect
382617,TWLD23,E15002965,240,9/10/2022,7:39:54:865,2.44,72,23,0,30,0,No Defect
382617,TWLD23,E15002965,240,9/10/2022,7:39:55:355,-0.98,72,23,0.04,30,0,No Defect
382617,TWLD23,E15002965,240,9/10/2022,7:39:55:966,1.81,72,23,0,29.5,0,No Defect
382617,TWLD23,E15002965,240,9/10/2022,7:39:56:467,1.59,72,23,0,29.5,0,No Defect
382617,TWLD23,E15002965,240,9/10/2022,7:39:57:63,0.66,72,23,0,29.4,0,No Defect
382617,TWLD23,E15002965,240,9/10/2022,7:39:57:565,3.41,72,23,0,29.4,0,No Defect
382617,TWLD23,E15002965,240,9/10/2022,7:39:58:66,-0.35,72,23,0,29.4,0,No Defect
382617,TWLD23,E15002965,240,9/10/2022,7:39:58:570,1.61,72,23,0,29.6,0,No Defect
382617,TWLD23,E15002965,240,9/10/2022,7:39:59:167,-1.16,72,23,0,29.6,0,No Defect
382617,TWLD23,E15002965,240,9/10/2022,7:39:59:671,0.91,72,23,0,29.8,0,No Defect
382617,TWLD23,E15002965,240,9/10/2022,7:40:0:288,-1.22,72,23,0,29.8,0,No Defect
382617,TWLD23,E15002965,240,9/10/2022,7:40:0:873,-1.08,72,23,0,29.7,0,No Defect
382617,TWLD23,E15002965,240,9/10/2022,7:40:1:372,3.06,72,23,0,29.7,0,No Defect
382617,TWLD23,E15002965,240,9/10/2022,7:40:1:966,2.23,72,23,0,29.7,0,No Defect
382617,TWLD23,E15002965,240,9/10/2022,7:40:2:469,1.47,72,23,0.01,30,0,No Defect
382617,TWLD23,E15002965,240,9/10/2022,7:40:3:107,1.88,72,23,0,30,0,No Defect
382617,TWLD23,E15002965,240,9/10/2022,7:40:3:609,-1.4,72,23,0,29.8,0,No Defect
382617,TWLD23,E15002965,240,9/10/2022,7:40:4:172,0.84,72,23,0.02,29.8,0,No Defect
382617,TWLD23,E15002965,240,9/10/2022,7:40:4:674,1.99,72,23,0,30.6,0,No Defect
382617,TWLD23,E15002965,240,9/10/2022,7:40:5:273,2.2,72,23,0,30.6,0,No Defect
382617,TWLD23,E15002965,240,9/10/2022,7:40:5:880,0.32,72,23,0,29.9,0,No Defect
382617,TWLD23,E15002965,240,9/10/2022,7:40:6:385,1.2,72,23,0,29.9,0,No Defect
382617,TWLD23,E15002965,240,9/10/2022,7:40:7:87,0.13,72,23,0,30,0,No Defect
382617,TWLD23,E15002965,240,9/10/2022,7:40:7:618,-1.47,72,23,0,30,0,No Defect
382617,TWLD23,E15002965,240,9/10/2022,7:40:8:315,-0.77,72,23,0,29.3,0,No Defect
382617,TWLD23,E15002965,240,9/10/2022,7:40:9:15,-0.14,72,23,0,29.3,0,No Defect
382617,TWLD23,E15002965,240,9/10/2022,7:40:9:522,0.63,72,23,0,29.3,0,No Defect
382617,TWLD23,E15002965,240,9/10/2022,7:40:10:82,0.02,72,23,0,29.3,0,No Defect
382617,TWLD23,E15002965,240,9/10/2022,7:40:10:583,-1.92,72,23,0,29.3,0,No Defect
382617,TWLD23,E15002965,240,9/10/2022,7:40:11:183,0.1,72,23,0,28.9,0,No Defect
382617,TWLD23,E15002965,240,9/10/2022,7:40:11:686,-0.38,72,23,0,28.9,0,No Defect
382617,TWLD23,E15002965,240,9/10/2022,7:40:12:289,-1.39,72,23,0.01,29.8,0,No Defect
382617,TWLD23,E15002965,240,9/10/2022,7:40:12:892,-1.48,72,23,0,29.8,0,No Defect
382617,TWLD23,E15002965,240,9/10/2022,7:40:13:420,3.3,72,23,0.05,29.6,0,No Defect
382617,TWLD23,E15002965,240,9/10/2022,7:40:14:4,3.49,72,23,0,29.6,0,No Defect
382617,TWLD23,E15002965,240,9/10/2022,7:40:14:490,1.13,72,23,0,29.6,0,No Defect
382617,TWLD23,E15002965,240,9/10/2022,7:40:15:79,-1.35,72,23,0,29.6,0,No Defect
382617,TWLD23,E15002965,240,9/10/2022,7:40:15:582,0.58,72,23,0,29.6,0,No Defect
382617,TWLD23,E15002965,240,9/10/2022,7:40:16:187,1.46,72,23,0,29.6,0,No Defect
382617,TWLD23,E15002965,240,9/10/2022,7:40:16:705,-1.88,72,23,0,29.6,0,No Defect
382617,TWLD23,E15002965,240,9/10/2022,7:40:17:288,1.22,72,23,0,29.4,0,No Defect
382617,TWLD23,E15002965,240,9/10/2022,7:40:17:900,-0.62,72,23,0,29.4,0,No Defect
382617,TWLD23,E15002965,240,9/10/2022,7:40:18:300,1.13,72,23,0,30.2,0,No Defect
382617,TWLD23,E15002965,240,9/10/2022,7:40:18:899,-1.58,72,23,0,30.2,0,No Defect
382617,TWLD23,E15002965,240,9/10/2022,7:40:19:395,0.05,72,23,0.04,30.2,0,No Defect
382617,TWLD23,E15002965,240,9/10/2022,7:40:19:998,1.5,72,23,0.04,29.8,0,No Defect
382617,TWLD23,E15002965,240,9/10/2022,7:40:20:494,-1.61,72,23,0,29.8,0,No Defect
382617,TWLD23,E15002965,240,9/10/2022,7:40:20:997,1.14,72,23,0,29.2,0,No Defect
382617,TWLD23,E15002965,240,9/10/2022,7:40:21:524,3.92,72,23,0,29.2,0,No Defect
382617,TWLD23,E15002965,240,9/10/2022,7:40:22:105,-1.48,72,23,0,29.1,0,No Defect
382617,TWLD23,E15002965,240,9/10/2022,7:40:22:606,-1.14,72,23,0,29.1,0,No Defect
382617,TWLD23,E15002965,240,9/10/2022,7:40:23:203,2.83,72,23,0,29.1,0,No Defect
382617,TWLD23,E15002965,240,9/10/2022,7:40:23:704,1.76,72,23,0,29.8,0,No Defect
382617,TWLD23,E15002965,240,9/10/2022,7:40:24:294,1.13,72,23,0,29.8,0,No Defect
382617,TWLD23,E15002965,240,9/10/2022,7:40:24:795,-0.73,72,23,0,29.8,0,No Defect
382617,TWLD23,E15002965,240,9/10/2022,7:40:25:299,3.28,72,23,0,29.8,0,No Defect
382617,TWLD23,E15002965,240,9/10/2022,7:40:25:901,-1.97,72,23,0,30.7,0,No Defect
382617,TWLD23,E15002965,240,9/10/2022,7:40:26:395,-1.97,72,23,0,30.7,0,No Defect
382617,TWLD23,E15002965,240,9/10/2022,7:40:26:912,2.95,72,23,0,30.7,0,No Defect
382617,TWLD23,E15002965,240,9/10/2022,7:40:27:404,-1.85,72,23,0,29.7,0,No Defect
382617,TWLD23,E15002965,240,9/10/2022,7:40:27:999,-1.7,72,23,0,29.7,0,No Defect
382617,TWLD23,E15002965,240,9/10/2022,7:40:28:496,-1.27,72,23,0,29.1,0,No Defect
382617,TWLD23,E15002965,240,9/10/2022,7:40:28:998,2.8,72,23,0,29.1,0,No Defect
382617,TWLD23,E15002965,240,9/10/2022,7:40:29:498,-0.77,72,23,0,29.1,0,No Defect
382617,TWLD23,E15002965,240,9/10/2022,7:40:30:10,2.22,72,23,0,29.1,0,No Defect
382617,TWLD23,E15002965,240,9/10/2022,7:40:30:504,-1.93,72,23,0,29.1,0,No Defect
382617,TWLD23,E15002965,240,9/10/2022,7:40:31:103,2.57,72,23,0.01,28,0,No Defect
382617,TWLD23,E15002965,240,9/10/2022,7:40:31:603,2.36,72,23,0,28,0,No Defect
382617,TWLD23,E15002965,240,9/10/2022,7:40:32:107,1.98,72,23,0,28.5,0,No Defect
382617,TWLD23,E15002965,240,9/10/2022,7:40:32:611,3.21,72,23,0,28.5,0,No Defect
382617,TWLD23,E15002965,240,9/10/2022,7:40:33:214,-0.27,72,23,0,28.5,0,No Defect
382617,TWLD23,E15002965,240,9/10/2022,7:40:33:719,0.62,72,23,0,27.5,0,No Defect
382617,TWLD23,E15002965,240,9/10/2022,7:40:34:339,-1.52,72,23,0,27.5,0,No Defect
382617,TWLD23,E15002965,240,9/10/2022,7:40:34:914,2.18,72,23,0,27.5,0,No Defect
382617,TWLD23,E15002965,240,9/10/2022,7:40:35:408,2.29,72,23,0,27.5,0,No Defect
382617,TWLD23,E15002965,240,9/10/2022,7:40:36:4,-1.85,72,23,0.02,27.6,0,No Defect
382617,TWLD23,E15002965,240,9/10/2022,7:40:36:506,-1.8,72,23,0,27.6,15.573,No Defect
382617,TWLD23,E15002965,240,9/10/2022,7:40:37:101,0.85,72,23,0,27.6,16.776,No Defect
382617,TWLD23,E15002965,240,9/10/2022,7:40:37:605,1.59,72,23,0,0,16.776,No Defect
382617,TWLD23,E15002965,240,9/10/2022,7:40:38:208,5.94,72,23,0.05,0,16.849,No Defect
382617,TWLD23,E15002965,240,9/10/2022,7:40:38:709,9,72,23,0,0,11.989,No Defect
382617,TWLD23,E15002965,240,9/10/2022,7:40:39:304,17.27,72,23,0,0,10.667,No Defect
382617,TWLD23,E15002965,240,9/10/2022,7:40:40:9,21.2,72,23,0,27.9,9.349,No Defect
382617,TWLD23,E15002965,240,9/10/2022,7:40:40:411,23.95,72,23,0,27.9,8.993,No Defect
382617,TWLD23,E15002965,240,9/10/2022,7:40:41:8,23.69,72,23,0.03,27.9,8.578,No Defect
382617,TWLD23,E15002965,240,9/10/2022,7:40:41:524,23.84,72,23,0,28.3,8.363,No Defect
382617,TWLD23,E15002965,240,9/10/2022,7:40:42:104,23.03,72,23,0,28.3,8.129,No Defect
382617,TWLD23,E15002965,240,9/10/2022,7:40:42:609,2.57,72,23,0.02,28.1,8.11,No Defect
382617,TWLD23,E15002965,240,9/10/2022,7:40:43:210,-0.08,72,23,0,28.1,9.808,No Defect
382617,TWLD23,E15002965,240,9/10/2022,7:40:43:713,0.25,72,23,0,28.2,0,No Defect
382617,TWLD23,E15002965,240,9/10/2022,7:40:44:304,5.59,72,23,0,28.2,0,No Defect
382617,TWLD23,E15002965,240,9/10/2022,7:40:44:905,13.43,72,23,0,28.2,7.471,No Defect
382617,TWLD23,E15002965,240,9/10/2022,7:40:45:403,22.58,72,23,0,204.1,8.521,No Defect
382617,TWLD23,E15002965,240,9/10/2022,7:40:46:2,23.29,72,23,0.02,204.1,8.38,No Defect
382617,TWLD23,E15002965,240,9/10/2022,7:40:46:506,25.71,72,23,0,28.1,8.421,No Defect
382617,TWLD23,E15002965,240,9/10/2022,7:40:47:106,25.16,72,23,0,28.1,8.694,No Defect
382617,TWLD23,E15002965,240,9/10/2022,7:40:47:610,25.75,72,23,0.02,29.3,8.157,No Defect
382617,TWLD23,E15002965,240,9/10/2022,7:40:48:208,24.98,72,23,0,29.3,8.063,No Defect
382617,TWLD23,E15002965,240,9/10/2022,7:40:48:710,19.87,72,23,0,29.7,7.863,No Defect
382617,TWLD23,E15002965,240,9/10/2022,7:40:49:301,19.13,72,23,0,29.7,7.992,No Defect
382617,TWLD23,E15002965,240,9/10/2022,7:40:49:805,19.78,72,23,0.01,29.7,7.942,No Defect
382617,TWLD23,E15002965,240,9/10/2022,7:40:50:326,21.62,72,23,0,30.5,8.234,No Defect
382617,TWLD23,E15002965,240,9/10/2022,7:40:50:914,22.18,72,23,0,30.5,8.153,No Defect
382617,TWLD23,E15002965,240,9/10/2022,7:40:51:409,23.62,72,23,0,31.7,8.072,No Defect
382617,TWLD23,E15002965,240,9/10/2022,7:40:52:26,23.52,72,23,0.05,31.7,8.171,No Defect
382617,TWLD23,E15002965,240,9/10/2022,7:40:52:515,23.49,72,23,0,31.8,8.12,No Defect
382617,TWLD23,E15002965,240,9/10/2022,7:40:53:130,12.88,72,23,0,31.8,8.089,No Defect
382617,TWLD23,E15002965,240,9/10/2022,7:40:53:636,-0.88,72,23,0,31.8,-1.626,No Defect
382617,TWLD23,E15002965,240,9/10/2022,7:40:54:220,0.41,72,23,0.03,32.9,0,No Defect
382617,TWLD23,E15002965,240,9/10/2022,7:40:54:750,1.65,72,23,0,32.9,0,No Defect
382617,TWLD23,E15002965,240,9/10/2022,7:40:55:303,0.13,72,23,0,32.6,0,No Defect
382617,TWLD23,E15002965,240,9/10/2022,7:40:55:913,-1.25,72,23,0,32.6,0,No Defect
382617,TWLD23,E15002965,240,9/10/2022,7:40:56:410,1.05,72,23,0,31.5,0,No Defect
382617,TWLD23,E15002965,240,9/10/2022,7:40:57:12,1.05,72,23,0,31.5,0,No Defect
382617,TWLD23,E15002965,240,9/10/2022,7:40:57:512,0.74,72,23,0.05,30.8,0,No Defect
382617,TWLD23,E15002965,240,9/10/2022,7:40:58:106,0.73,72,23,0.05,30.8,0,No Defect
382617,TWLD23,E15002965,240,9/10/2022,7:40:58:607,-0.07,72,23,0.02,30.8,0,No Defect
382617,TWLD23,E15002965,240,9/10/2022,7:40:59:131,-0.92,72,23,0,31.5,0,No Defect
382617,TWLD23,E15002965,240,9/10/2022,7:40:59:634,1.88,72,23,0,31.5,0,No Defect
382617,TWLD23,E15002965,240,9/10/2022,7:41:0:223,12.39,72,23,0.06,26.4,11.84,No Defect
382617,TWLD23,E15002965,240,9/10/2022,7:41:0:728,18.34,72,23,0.03,26.4,9.375,No Defect
382617,TWLD23,E15002965,240,9/10/2022,7:41:1:309,25.64,72,23,0,26.4,9.315,No Defect
382617,TWLD23,E15002965,240,9/10/2022,7:41:1:913,2.81,72,23,0,30.7,-2.359,No Defect
382617,TWLD23,E15002965,240,9/10/2022,7:41:2:410,0.13,72,23,0,30.7,0,No Defect
382617,TWLD23,E15002965,240,9/10/2022,7:41:3:34,1.18,72,23,0,30.7,0,No Defect
382617,TWLD23,E15002965,240,9/10/2022,7:41:3:527,3.02,72,23,0,30.7,0,No Defect
382617,TWLD23,E15002965,240,9/10/2022,7:41:4:106,5.44,72,23,0,30.2,0,No Defect
382617,TWLD23,E15002965,240,9/10/2022,7:41:4:609,19.83,72,23,0,30.2,8.441,No Defect
382617,TWLD23,E15002965,240,9/10/2022,7:41:5:116,27.13,72,23,0,30.2,7.911,No Defect
382617,TWLD23,E15002965,240,9/10/2022,7:41:5:617,30.6,72,23,0,30.2,7.886,No Defect
382617,TWLD23,E15002965,240,9/10/2022,7:41:6:223,32.33,72,23,0,30.2,8.089,No Defect
382617,TWLD23,E15002965,240,9/10/2022,7:41:6:728,31.65,72,23,0,31.4,7.907,No Defect
382617,TWLD23,E15002965,240,9/10/2022,7:41:7:334,31.23,72,23,0.02,31.4,7.98,No Defect
382617,TWLD23,E15002965,240,9/10/2022,7:41:7:921,31.58,72,23,0.04,32.5,8.005,No Defect
382617,TWLD23,E15002965,240,9/10/2022,7:41:8:418,16.92,72,23,0,32.5,8.082,No Defect
382617,TWLD23,E15002965,240,9/10/2022,7:41:9:9,-0.75,72,23,0,34.1,-0.718,No Defect
382617,TWLD23,E15002965,240,9/10/2022,7:41:9:511,0.23,72,23,0,34.1,0,No Defect
382617,TWLD23,E15002965,240,9/10/2022,7:41:10:37,2.87,72,23,0.04,34.1,0,No Defect
382617,TWLD23,E15002965,240,9/10/2022,7:41:10:534,20.74,72,23,0,202.6,9.424,Tungsten Inclusion
382617,TWLD23,E15002965,240,9/10/2022,7:41:11:110,27.45,72,23,0,202.6,8.366,Tungsten Inclusion
382617,TWLD23,E15002965,240,9/10/2022,7:41:11:614,30.77,72,23,0,34.5,8.039,No Defect
382617,TWLD23,E15002965,240,9/10/2022,7:41:12:116,31.99,72,23,0,34.5,8.075,No Defect
382617,TWLD23,E15002965,240,9/10/2022,7:41:12:616,32.33,72,23,0,34.4,8.108,No Defect
382617,TWLD23,E15002965,240,9/10/2022,7:41:13:228,32,72,23,0,34.4,8.098,No Defect
382617,TWLD23,E15002965,240,9/10/2022,7:41:13:732,32.46,72,23,0,34.4,8.202,No Defect
382617,TWLD23,E15002965,240,9/10/2022,7:41:14:325,30.88,72,23,0,35.2,8.209,No Defect
382617,TWLD23,E15002965,240,9/10/2022,7:41:14:917,32.29,72,23,0,35.2,8.306,No Defect
382617,TWLD23,E15002965,240,9/10/2022,7:41:15:417,30.7,72,23,0,36.9,8.356,No Defect
382617,TWLD23,E15002965,240,9/10/2022,7:41:15:918,22.01,72,23,0,36.9,8.316,No Defect
382617,TWLD23,E15002965,240,9/10/2022,7:41:16:419,3.98,72,23,0,39.7,8.053,No Defect
382617,TWLD23,E15002965,240,9/10/2022,7:41:17:16,-1.18,72,23,0,39.7,0,No Defect
382617,TWLD23,E15002965,240,9/10/2022,7:41:17:519,1.58,72,23,0,39.2,0,No Defect
382617,TWLD23,E15002965,240,9/10/2022,7:41:18:112,1.97,72,23,0,39.2,0,No Defect
382617,TWLD23,E15002965,240,9/10/2022,7:41:18:613,0.68,72,23,0,39.2,0,No Defect
382617,TWLD23,E15002965,240,9/10/2022,7:41:19:127,0.77,72,23,0,36.9,0,No Defect
382617,TWLD23,E15002965,240,9/10/2022,7:41:19:630,4.9,72,23,0,36.9,0,No Defect
382617,TWLD23,E15002965,240,9/10/2022,7:41:20:221,11.4,72,23,0,28.4,10.962,No Defect
382617,TWLD23,E15002965,240,9/10/2022,7:41:20:726,17.98,72,23,0,28.4,9.288,No Defect
382617,TWLD23,E15002965,240,9/10/2022,7:41:21:334,26.76,72,23,0,35,8.618,No Defect
382617,TWLD23,E15002965,240,9/10/2022,7:41:21:925,29.78,72,23,0,35,8.47,No Defect
382617,TWLD23,E15002965,240,9/10/2022,7:41:22:434,30.65,72,23,0,35,8.428,No Defect
382617,TWLD23,E15002965,240,9/10/2022,7:41:23:25,27.6,72,23,0,34.3,-1.77,No Defect
382617,TWLD23,E15002965,240,9/10/2022,7:41:23:538,1.34,72,23,0,34.3,0,No Defect
382617,TWLD23,E15002965,240,9/10/2022,7:41:24:118,-0.96,72,23,0,33.8,0,No Defect
382617,TWLD23,E15002965,240,9/10/2022,7:41:24:632,5.01,72,23,0,33.8,0,No Defect
382617,TWLD23,E15002965,240,9/10/2022,7:41:25:223,20.04,72,23,0,816.9,8.885,No Defect
382617,TWLD23,E15002965,240,9/10/2022,7:41:25:734,30.15,72,23,0,816.9,8.071,No Defect
382617,TWLD23,E15002965,240,9/10/2022,7:41:26:327,31.01,72,23,0,33.9,7.679,No Defect
382617,TWLD23,E15002965,240,9/10/2022,7:41:26:930,30.72,72,23,0,33.9,7.954,No Defect
382617,TWLD23,E15002965,240,9/10/2022,7:41:27:424,31.13,72,23,0,33.9,7.987,No Defect
382617,TWLD23,E15002965,240,9/10/2022,7:41:28:27,20.01,72,23,0,32.9,8.068,No Defect
382617,TWLD23,E15002965,240,9/10/2022,7:41:28:536,1.97,72,23,0,32.9,0,No Defect
382617,TWLD23,E15002965,240,9/10/2022,7:41:29:121,-0.84,72,23,0,33.2,0,No Defect
382617,TWLD23,E15002965,240,9/10/2022,7:41:29:625,1.43,72,23,0.01,33.2,0,No Defect
382617,TWLD23,E15002965,240,9/10/2022,7:41:30:227,19.49,72,23,0.01,32.7,10.793,No Defect
382617,TWLD23,E15002965,240,9/10/2022,7:41:30:728,26.35,72,23,0,32.7,8.237,No Defect
382617,TWLD23,E15002965,240,9/10/2022,7:41:31:332,30.94,72,23,0,32.7,8.134,No Defect
382617,TWLD23,E15002965,240,9/10/2022,7:41:31:933,31.75,72,23,0,32.7,-0.389,No Defect
382617,TWLD23,E15002965,240,9/10/2022,7:41:32:432,-0.82,72,23,0,32.7,0,No Defect
382617,TWLD23,E15002965,240,9/10/2022,7:41:33:52,-0.56,72,23,0,32.7,0,No Defect
382617,TWLD23,E15002965,240,9/10/2022,7:41:33:546,10.24,72,23,0,32.7,3.096,Tungsten Inclusion
382617,TWLD23,E15002965,240,9/10/2022,7:41:34:132,19.66,72,23,0.03,3275.7,9.037,Tungsten Inclusion
382617,TWLD23,E15002965,240,9/10/2022,7:41:34:637,32.09,72,23,0,3275.7,8.334,No Defect
382617,TWLD23,E15002965,240,9/10/2022,7:41:35:231,32.12,72,23,0,32.9,8.195,No Defect
382617,TWLD23,E15002965,240,9/10/2022,7:41:35:738,32.7,72,23,0,32.9,8.056,No Defect
